age,sex,cp,trestbps,chol,fbs,restecg,thalach,exang,oldpeak,slope,ca,thal,target
47,1,2,104,275,0,1,169,0,0.5874088064626312,0,0,2,1
57,1,2,122,275,0,2,168,1,2.099369131817549,2,0,1,0
53,1,0,135,198,0,0,166,0,1.2259123731077421,1,0,2,1
48,1,0,100,204,0,1,102,1,2.219772839829946,1,0,3,0
61,0,2,138,272,0,1,164,0,1.2478198225232315,1,0,2,1
36,1,0,128,253,1,1,155,0,1.7666908779130805,2,1,2,1
50,1,3,111,204,0,0,149,1,0.2660962964145004,2,1,3,0
62,0,2,126,156,0,1,147,0,0.8122763209568356,0,0,3,1
61,1,0,140,207,0,0,138,1,1.9,2,1,3,0
65,1,2,141,392,0,1,156,0,1.4832064320286809,1,0,2,1
29,1,1,130,204,0,0,202,0,0.0,2,0,2,1
46,1,2,94,147,0,0,168,0,0.891401354034318,1,0,2,1
46,0,2,165,218,0,0,122,1,3.6264325351595836,2,0,2,0
72,1,1,137,184,0,1,151,0,0.8180327011290648,1,1,3,0
57,1,0,130,225,0,0,173,1,2.0282389538315764,2,2,3,0
44,1,2,140,235,0,0,180,0,0.0,2,0,2,1
58,1,0,150,268,0,0,125,0,1.064155122523887,1,4,3,0
67,0,2,115,564,0,0,160,0,1.6,1,0,3,1
57,0,2,123,278,0,0,163,0,0.7001648409869766,2,4,1,1
43,1,1,115,198,0,0,155,0,0.057859653977860415,2,0,2,1
44,0,2,151,257,0,0,157,0,3.042662391502881,2,2,1,0
47,0,0,145,218,0,1,152,0,2.537121426166555,1,0,2,1
67,1,0,153,186,0,1,139,1,0.875226474615903,1,0,2,1
57,1,0,108,268,1,0,169,0,0.07376870664114721,1,1,3,0
52,1,2,94,298,0,1,148,0,0.0,2,0,2,1
59,1,2,126,218,1,1,134,0,2.2,1,1,1,0
40,1,2,108,269,0,1,150,0,0.0015564598373010163,2,1,2,1
54,1,0,177,307,0,1,151,1,1.2925552903723467,1,2,3,0
53,1,0,137,297,0,1,121,0,2.620683935249713,2,2,2,0
44,1,0,120,169,0,1,144,1,2.8,0,0,1,0
64,1,0,120,228,0,0,120,1,1.3510565351777,0,1,2,0
72,1,0,161,191,0,0,112,0,3.2117310165391517,2,2,3,0
67,1,0,148,309,0,0,100,1,1.484415802882578,2,1,3,0
54,1,0,144,270,0,0,144,0,1.621317918438101,2,3,2,0
39,1,0,119,218,0,0,150,0,0.7059939297272095,1,1,2,0
59,1,0,129,343,0,1,112,0,2.4725537887159326,1,2,3,0
56,1,0,109,287,0,1,144,0,0.0,2,0,2,1
66,1,0,166,250,0,1,161,0,0.21967237322781485,1,0,2,1
46,0,3,100,238,0,1,142,1,1.1042854896875713,1,0,3,0
47,1,2,108,243,0,1,152,0,0.0,2,0,2,0
54,1,1,192,283,0,0,195,0,0.0,2,1,3,0
60,1,1,119,263,0,0,146,0,0.0,2,0,1,1
51,0,0,130,305,0,1,142,1,1.2,1,0,3,0
68,0,0,135,205,0,0,140,1,2.3388593658431107,2,0,3,0
59,1,2,98,243,0,0,136,0,0.9175102614055018,2,1,2,1
57,1,0,129,220,0,0,113,1,2.6321226130058673,2,2,3,0
61,1,1,135,229,0,1,140,0,0.34429344512382265,1,1,3,0
43,0,0,127,179,0,0,123,1,1.1593624867022019,2,3,3,0
48,1,2,124,255,1,1,175,0,0.0,2,2,2,1
59,1,2,136,222,0,0,104,0,0.3073564538961748,1,0,2,1
53,0,3,141,259,0,2,139,0,2.5984361569776118,1,0,3,1
45,1,3,110,264,0,1,132,0,1.2,1,0,3,0
40,1,1,94,264,0,0,156,0,0.707585937975106,2,0,2,1
53,0,2,128,216,0,0,115,0,0.0,2,0,0,1
50,1,0,137,229,0,0,130,1,1.4085989385428812,2,1,2,0
65,0,2,152,293,0,1,163,0,1.4376456981700145,2,0,2,1
54,1,1,134,335,0,0,150,0,0.39365747939663476,2,0,2,1
65,1,0,158,286,1,1,124,0,1.3090306524576736,2,0,2,1
68,1,0,112,296,0,0,137,0,0.23222056239836003,1,4,1,1
63,1,0,141,284,1,1,161,0,2.207508429727707,0,2,2,0
50,1,2,108,145,0,0,121,0,0.2688300309583625,2,2,2,1
47,1,0,109,204,0,0,174,1,0.8703631764357517,2,3,2,0
41,1,1,117,248,0,1,182,0,0.0,1,0,2,1
49,1,0,108,233,0,1,166,0,0.024472720379956847,0,1,2,0
57,1,2,152,236,0,1,175,1,0.8907784534900007,2,1,2,1
58,1,2,115,209,0,1,141,0,0.0,2,2,2,1
62,0,2,156,197,1,2,144,1,3.1659230739188615,1,1,3,0
46,0,3,116,277,0,1,181,0,0.4909654754327855,2,0,2,1
58,0,0,170,225,1,0,146,1,2.8,1,2,1,0
53,0,1,140,237,0,0,154,0,2.0061406660148977,1,4,2,1
46,0,2,147,275,0,0,149,0,2.148895603295497,2,0,2,1
58,1,0,130,221,0,1,114,1,2.5222058086565875,1,0,2,0
42,1,0,102,215,0,1,153,0,0.614699625817185,2,1,2,1
61,1,0,118,236,0,0,138,1,1.7796729726455267,1,3,2,0
55,1,0,138,193,0,1,97,1,2.0268684476589596,2,2,3,0
77,1,0,139,346,0,1,142,0,1.4612910294645518,0,1,2,0
46,1,3,130,199,0,0,192,0,0.57133391718982,2,0,2,1
64,1,0,131,225,0,0,152,1,1.0549046571224787,1,0,3,0
53,1,0,137,252,0,1,119,0,3.04367427925547,2,0,2,0
54,1,1,141,126,1,0,163,0,0.5673567512084619,1,0,2,1
47,1,2,138,257,0,0,156,0,0.0,2,0,2,1
56,1,0,131,266,0,0,134,0,2.2135766310494924,2,0,2,0
49,0,0,122,241,0,1,159,0,1.5254014168434264,2,1,2,1
43,0,2,139,160,0,0,167,0,1.0239817353151812,2,1,2,1
53,0,0,129,262,0,1,150,0,0.0,1,0,2,1
57,1,2,134,258,0,0,150,1,0.15049708231785447,2,0,2,1
61,1,2,113,288,1,0,137,0,0.2358912467374012,2,0,2,1
62,1,0,117,131,0,0,124,1,2.5897345842518815,1,0,3,0
55,1,1,130,262,0,1,155,0,0.0,2,0,2,1
41,0,0,140,240,0,0,188,0,0.3839757444897164,1,0,2,1
56,0,0,159,181,0,1,159,0,1.6798726556367884,2,0,2,1
59,0,1,112,332,0,0,175,0,0.3337140580567641,2,0,2,1
56,0,1,140,294,0,0,153,0,1.3,1,0,2,1
68,0,2,120,211,0,0,115,0,1.5,1,0,2,1
61,1,1,117,348,0,1,148,0,1.30606726088117,2,0,2,1
60,0,0,139,303,0,1,186,0,0.0,1,0,2,1
58,1,2,142,238,0,1,161,1,2.6654660910439043,2,0,2,0
64,0,3,156,294,0,1,160,0,1.0788268569412285,2,0,2,1
47,1,1,129,223,0,0,157,0,0.1663155984138177,0,0,2,1
42,0,3,135,170,0,0,171,0,0.8217278366936005,1,0,2,1
68,1,2,140,313,1,0,180,0,0.28422670108416637,2,1,3,0
53,1,0,121,149,0,0,161,1,0.0,1,0,3,0
48,1,0,141,333,1,1,159,1,0.0,1,0,3,0
37,0,0,111,223,0,1,155,0,0.0,2,0,2,1
58,1,1,120,284,0,0,160,0,1.8,1,0,2,0
58,1,0,162,275,0,1,128,1,2.4247277218213172,2,0,2,0
69,1,0,146,305,0,1,75,1,0.0,1,3,3,0
41,0,2,112,268,0,0,172,1,0.0,2,0,2,1
64,1,0,138,228,1,0,116,0,3.5033757264943817,1,2,3,0
64,0,0,124,314,0,0,125,1,1.3192620724544843,1,0,3,0
60,0,0,115,198,0,1,127,1,1.1287872980958487,1,0,3,0
55,0,2,153,192,0,0,163,0,0.0,1,1,2,1
65,1,0,141,266,1,1,127,1,1.5652455907069307,1,1,2,0
42,1,1,112,240,0,1,128,0,1.250591161219138,2,0,1,1
50,0,0,129,228,0,1,156,0,3.0861267663155783,1,1,2,0
59,1,0,139,330,0,1,128,1,1.1740754031090148,2,0,2,0
55,1,0,122,224,0,0,77,1,3.0207260906694406,2,3,3,0
56,1,1,100,262,0,1,140,1,0.0,2,0,3,0
69,1,0,176,310,0,1,163,1,0.0,1,1,3,0
72,1,1,126,402,0,0,146,0,1.0521586156084402,2,1,3,1
50,0,1,126,127,0,1,140,0,0.0,2,0,2,1
58,1,1,109,201,0,0,157,0,1.1175743221028203,2,3,3,0
69,1,0,129,267,0,0,122,1,2.8456878401986225,2,1,3,0
60,1,3,135,218,0,0,169,1,1.173151239538603,2,2,3,0
51,1,1,118,292,0,1,137,1,0.0,1,1,2,0
48,1,2,115,215,0,0,147,0,1.6905462317348743,2,0,2,1
62,1,0,162,259,0,0,130,1,3.2581177283665927,1,2,2,0
55,1,0,133,286,0,0,157,1,1.446779740826863,1,0,3,0
49,1,2,118,255,0,1,154,0,0.31568492407584225,1,0,2,1
70,1,0,117,247,0,0,153,1,0.11931898295617627,2,0,2,0
54,1,2,127,297,0,0,166,1,0.0,1,0,2,1
49,0,2,143,203,1,0,188,0,1.2790387105100054,2,0,2,1
55,1,2,155,312,0,0,154,1,0.9365038069946733,1,0,3,0
56,1,0,108,204,0,0,164,0,1.9650131478052706,1,1,3,0
50,1,0,127,223,0,1,160,0,0.0,0,0,1,0
60,0,2,131,236,0,1,144,0,0.8730776609338431,2,0,1,1
62,1,1,131,218,1,1,165,1,0.525614864275183,1,0,3,1
52,0,2,133,238,1,1,141,0,0.7654756365704878,2,1,2,1
46,0,0,119,197,0,1,150,0,0.5920150187813695,1,0,2,1
48,1,2,153,231,0,0,179,0,0.8342915741790277,2,0,2,1
48,1,1,129,280,0,0,142,0,0.7766422481039188,0,1,2,1
45,0,0,133,179,0,1,132,1,0.922295597854299,1,1,2,0
46,1,2,100,312,0,1,169,0,1.1137731686411556,1,0,2,1
46,1,0,140,240,0,0,195,0,0.7176022099067998,1,2,3,0
56,0,0,128,220,0,0,165,0,0.0,1,0,3,1
56,1,2,132,265,0,0,170,1,0.9575874210991526,1,0,3,0
42,1,0,132,170,0,1,153,0,1.018957170354633,1,3,3,0
42,0,0,143,219,0,1,183,0,0.5754186924507907,2,0,2,1
62,1,2,130,231,0,1,146,0,1.8,1,3,3,1
51,0,2,120,295,0,0,157,0,0.6,2,0,2,1
38,1,1,125,211,0,1,186,0,0.4513198782837058,1,0,2,1
54,1,0,110,243,0,1,161,0,2.2803639317184863,1,0,2,0
56,1,2,157,252,0,1,103,0,1.1819170776925012,1,2,3,0
52,1,2,135,301,0,1,181,0,0.0,2,0,2,1
54,1,0,142,246,0,0,113,0,1.578272026791089,1,3,3,0
43,1,2,130,315,0,1,162,0,1.9,2,1,2,1
50,1,0,143,223,0,1,140,0,1.828614526336358,2,2,3,0
44,1,0,147,156,1,1,178,0,0.06574276886425945,2,0,2,1
60,1,0,165,288,0,1,108,0,1.8996585694796955,1,1,2,0
60,1,1,159,178,0,1,151,0,0.08539940810426583,2,0,3,1
59,1,0,125,259,0,1,97,1,2.227807795217857,0,0,3,0
53,1,1,150,309,0,1,120,1,2.4609603218155183,2,1,3,0
57,1,0,140,192,0,1,148,0,0.4,1,0,1,1
47,1,1,122,280,1,0,180,1,0.0,2,0,2,1
57,0,0,137,126,0,0,146,0,0.9777134883143666,1,0,2,1
54,0,0,148,176,0,1,155,0,0.09715534117874092,1,0,2,1
58,0,0,115,333,0,1,149,1,0.8229434536570049,2,0,2,1
62,1,0,124,188,0,0,135,0,0.23866923686990793,1,0,1,1
74,0,1,120,269,0,0,121,1,0.2,2,1,2,1
53,1,1,139,238,0,1,163,0,0.7815572152706318,2,1,2,1
57,1,1,135,305,0,1,173,1,2.7167990694172506,1,3,3,0
55,1,0,142,237,1,2,120,1,1.8468448474643626,1,0,1,0
47,0,2,99,168,0,0,157,1,0.0,2,0,2,1
48,1,2,138,331,0,1,167,0,0.0,1,1,2,1
59,1,0,132,290,0,1,153,0,0.638641585645092,0,1,3,0
38,1,0,120,264,0,0,168,0,0.0,2,0,2,1
54,0,0,127,287,1,1,144,1,3.5259308151405815,0,3,3,0
75,0,0,154,330,0,1,148,0,0.2893401704451864,1,0,2,1
59,1,0,115,278,0,0,151,0,1.8047014372915817,1,0,3,0
70,1,1,138,318,0,0,144,0,1.0250376484273196,2,0,2,1
42,0,0,129,182,1,1,199,1,1.0337410147801487,1,0,2,1
59,1,0,139,237,0,1,151,1,0.0,1,1,3,0
61,0,3,126,261,0,0,155,0,0.4668989032658154,2,3,2,1
51,1,1,113,253,0,1,159,0,0.0,2,0,3,1
72,1,0,142,226,0,1,149,1,0.25433772999826254,1,3,2,0
53,1,1,120,212,1,1,118,0,0.02137021923980642,1,0,3,0
46,0,2,112,227,0,0,145,0,1.0867316088881893,2,0,2,1
50,1,2,152,218,0,1,146,0,0.7889880144222927,2,0,2,1
44,0,2,131,302,0,0,191,1,0.0,2,0,2,1
62,0,2,139,301,0,1,138,0,0.0,1,1,2,1
55,0,2,117,214,0,1,125,1,1.3976583738929267,0,3,3,0
67,0,2,152,277,0,1,172,0,0.0,2,1,2,1
59,1,0,115,258,1,1,147,0,0.4130510633973916,2,0,2,1
59,1,0,164,176,1,0,90,0,1.0,1,2,1,0
38,1,2,138,175,0,1,173,0,0.0,2,4,2,1
53,1,3,134,205,0,0,126,1,1.1886674650029327,1,1,3,0
55,1,1,150,279,0,1,129,1,1.695637954102656,2,2,3,0
53,1,0,141,210,0,0,137,0,1.4083134955318617,1,1,3,0
73,1,0,188,181,0,0,91,1,3.0644555325438843,1,1,3,0
54,0,1,135,238,0,0,184,0,0.0,1,1,2,1
62,1,0,156,277,0,1,170,0,1.181368643132509,1,0,2,1
47,1,0,143,195,0,0,164,0,3.3679465975622724,1,3,3,0
41,0,1,126,306,0,1,163,0,0.0,2,0,2,1
49,1,0,146,234,0,0,145,0,2.859478113326931,1,3,2,0
53,1,0,149,235,0,0,186,1,2.64437976024607,2,1,2,0
58,1,2,105,240,0,0,154,1,0.6,1,0,3,1
51,1,1,140,284,0,0,199,0,1.2981021906489776,1,0,2,1
52,0,2,101,307,1,1,161,1,0.2728577430196468,2,0,2,1
57,1,0,100,228,0,0,139,1,2.301425570563558,1,2,2,0
42,0,2,120,209,0,1,173,0,0.0,1,0,2,1
65,1,1,145,210,0,1,157,0,0.2929431572642119,2,0,2,1
62,0,0,160,164,0,0,145,0,6.2,0,3,3,0
61,1,0,138,166,0,0,125,1,3.6,1,1,2,0
67,1,0,120,237,0,1,71,0,1.0,1,0,2,0
53,1,0,115,199,0,1,137,1,0.5118445132918126,1,3,2,0
60,1,2,127,160,0,0,135,0,0.0,1,0,2,1
70,1,0,137,226,0,1,139,1,1.303682167791457,2,0,1,0
43,1,3,100,301,0,0,137,0,0.6778069224722603,1,2,3,0
53,0,0,140,249,0,0,177,0,2.1999955610091693,1,1,3,0
51,1,1,150,318,0,1,160,0,0.32416681001763004,2,0,2,1
54,1,2,131,211,0,0,90,1,2.691825144278827,1,2,3,0
45,0,1,130,234,0,0,175,0,0.6,1,0,2,1
58,1,2,162,234,0,1,169,0,0.5392632325000004,1,3,3,0
42,1,0,131,251,0,0,149,1,0.770471900659934,1,0,3,0
49,1,2,124,366,1,1,182,1,0.03019442965223884,2,0,2,1
45,0,1,112,170,0,1,163,0,1.7308533215500943,2,0,3,1
58,1,0,134,248,1,0,139,1,1.4064542287625759,1,1,3,0
63,1,0,130,254,0,0,147,0,1.4,1,1,3,0
66,0,1,134,287,1,1,163,0,0.0,1,0,2,1
55,1,2,115,155,0,1,137,0,1.3489680428493598,1,0,3,0
68,1,0,156,340,0,1,146,0,1.4273184527396547,2,0,2,1
37,1,2,130,250,0,1,187,0,3.5,0,0,2,1
59,1,2,117,221,0,0,143,0,1.3793892225008335,2,0,2,1
50,1,0,119,230,1,0,158,0,0.09999938315483176,2,1,2,1
76,1,2,150,325,1,1,143,1,0.36424029443697403,1,0,2,1
62,1,0,149,221,0,1,165,1,1.068177289915353,1,0,2,0
49,1,0,153,298,0,0,121,1,1.0673382295207436,1,1,3,0
62,1,0,115,209,0,1,128,0,2.7223121103045718,2,2,3,0
47,0,1,116,272,0,1,173,0,0.24000584647036233,2,0,2,1
54,1,1,100,237,0,1,157,0,2.580119557483569,2,0,3,0
53,1,0,139,227,0,0,172,1,1.2158891422697855,2,0,3,0
46,0,0,131,223,0,0,177,0,0.25847548500077805,2,0,2,1
45,1,0,152,241,0,0,170,1,0.02814205457196617,2,1,3,0
64,1,0,122,192,0,0,127,1,0.0,2,0,1,0
51,1,2,117,280,0,1,149,0,0.0,2,0,2,1
63,0,0,124,197,0,1,136,1,0.0,1,0,2,0
50,1,2,149,197,1,0,142,0,2.1516882530891355,2,2,3,0
42,0,3,131,281,0,0,202,0,0.0,0,1,2,1
52,1,0,144,228,1,0,117,1,1.3756106589753547,1,0,3,0
47,1,2,144,140,0,0,166,0,0.0,2,0,3,1
47,1,0,164,189,0,0,118,0,2.595258030383559,1,2,3,0
52,0,0,143,279,0,1,117,1,0.09745837555510839,0,0,2,0
60,1,0,102,337,0,0,130,1,0.0,1,2,3,0
58,1,0,122,160,0,0,150,0,2.8039355752370803,2,2,3,0
62,0,0,139,184,0,0,162,0,0.18950537340712692,2,0,3,1
61,1,1,167,285,0,0,148,1,3.025076390724064,2,1,3,0
66,1,0,141,243,0,1,140,1,2.912532121769445,1,1,3,0
53,1,0,115,242,0,0,164,1,1.6348578122364321,1,0,3,0
40,0,0,146,189,0,1,153,0,0.0,2,0,3,1
55,1,0,108,284,0,1,159,0,0.22319118136830168,1,1,2,1
68,1,0,144,193,1,1,141,0,3.4,1,2,3,0
61,1,2,141,223,1,0,148,1,0.7958602898928293,1,0,1,1
50,1,2,129,196,0,1,163,0,0.0,2,0,2,1
55,1,0,132,292,0,0,151,0,1.3719587018081176,1,0,2,1
53,1,0,100,235,0,1,138,1,4.0255093413561855,1,3,3,0
54,0,2,131,308,0,0,161,0,0.5364281283460007,1,0,2,1
69,1,0,122,268,1,1,129,1,2.2017989961023794,1,0,1,0
49,1,1,130,266,0,1,171,0,0.6,2,0,2,1
61,1,2,150,243,1,1,137,1,1.0,1,0,2,1
65,1,0,178,346,0,0,145,1,1.864046675692194,2,2,1,0
66,1,1,137,343,1,0,159,0,0.0,1,0,2,1
59,1,2,158,203,1,0,160,1,0.5480257732589411,1,0,3,1
60,0,0,164,178,0,0,123,1,0.2950196290526115,1,1,3,0
63,1,1,144,187,0,1,153,0,1.5550122982298014,2,1,2,1
61,0,2,113,238,0,1,160,1,0.0,2,4,2,1
57,0,1,131,248,1,0,121,0,0.32615738252522053,2,0,2,1
54,1,0,165,250,0,0,180,1,0.5857230166855922,1,1,2,0
44,1,0,124,160,0,0,162,0,4.423858699669559,0,1,3,0
62,1,3,128,318,0,1,156,0,1.21444471329652,1,0,3,1
70,1,0,130,322,0,0,109,0,2.4,1,3,2,0
59,0,3,135,341,0,0,133,0,0.0,2,0,3,1
37,1,1,142,207,0,0,148,0,0.7329972335799644,2,0,2,1
58,0,0,132,249,0,1,171,1,0.0,0,3,3,0
38,1,2,126,257,0,1,188,0,0.0,0,0,1,1
42,1,1,134,246,0,0,160,0,0.33528349573064237,1,2,2,1
59,1,3,170,288,0,0,159,0,0.2,1,0,3,0
44,0,2,108,141,0,1,175,0,0.6,1,0,2,1
60,1,1,126,214,0,1,124,0,0.10797414726812227,1,0,2,1
50,1,2,140,233,0,1,163,0,0.6,1,1,3,0
50,1,0,150,243,0,0,128,0,2.6,1,0,3,0
46,0,2,159,184,0,1,167,0,2.1662051886574263,2,1,2,1
53,0,1,126,258,0,0,150,0,0.8396917715741994,2,0,2,1
49,0,2,141,234,0,1,145,0,0.912723856145738,2,1,2,1
29,0,1,117,126,0,1,186,0,0.0,1,0,2,1
68,1,0,146,283,0,1,129,1,1.9138680461627773,1,0,3,0
66,1,0,131,232,0,1,174,0,0.0,1,3,2,0
66,0,2,146,278,0,0,152,0,0.0,1,1,2,1
53,0,1,143,272,1,0,143,1,1.8360411354885642,1,1,2,1
62,0,0,122,283,1,1,158,0,0.20381089811948894,2,0,2,1
59,1,3,134,277,0,0,117,0,3.216001978594251,1,1,3,0
65,0,0,115,244,0,0,109,1,1.0370742209480417,1,0,3,0
59,0,0,174,249,0,1,143,1,0.0,1,0,2,0
42,0,2,127,303,0,0,189,0,0.0,2,0,2,1
52,1,3,109,201,0,1,152,0,1.2689366410081844,1,2,2,1
52,1,0,113,345,0,1,120,0,1.437888759723332,1,1,3,0
51,0,1,144,262,0,1,143,0,1.2992666799236126,0,1,2,1
61,0,3,151,293,1,0,149,0,1.1667516995229041,2,0,2,1
48,1,2,129,246,0,1,162,0,0.0,2,0,2,1
65,0,0,127,290,0,1,107,1,2.6025485261146795,1,0,3,0
57,1,0,130,131,0,1,115,1,1.2,1,1,3,0
54,1,1,140,205,0,0,150,1,0.0,1,1,3,0
57,1,2,131,245,0,1,160,1,0.5737788516183885,1,0,2,1
41,1,0,124,219,0,1,174,0,0.0,2,0,2,1
46,1,0,107,311,0,0,101,0,0.7879694611541384,1,2,3,0
53,1,2,158,320,1,1,146,1,0.0,1,2,3,0
49,1,0,156,213,0,1,74,1,2.0494751121991914,1,3,2,0
56,0,2,116,302,0,1,139,0,2.1224037341240547,2,0,2,1
54,0,3,141,238,0,1,158,0,0.0,0,0,2,1
53,1,1,108,215,0,1,139,0,0.0,1,0,2,1
31,0,2,122,243,0,1,179,0,0.0,1,0,2,1
66,0,0,178,228,1,1,165,1,1.0,1,2,3,0
63,1,0,154,271,0,0,166,0,1.1711881444459427,1,1,2,1
54,1,2,150,232,0,0,165,0,1.6,2,0,3,1
53,1,0,149,261,0,0,175,1,1.9258408452559022,1,2,0,0
69,1,0,135,244,0,0,126,1,2.73663288245248,0,3,2,0
51,1,0,123,322,0,0,138,0,2.966518211573597,2,0,2,0
46,1,2,137,130,0,0,174,0,0.08824518526839126,2,1,2,1
53,0,0,159,195,0,0,181,0,0.0,0,2,0,0
52,0,0,118,209,1,0,162,0,0.8513440442751623,1,1,2,1
59,1,0,116,306,0,1,156,0,1.802667599525958,1,2,2,0
60,1,1,123,217,0,0,113,0,0.3112490509495984,1,1,3,0
65,1,0,159,301,0,1,153,0,2.909917428788239,1,0,2,0
37,1,0,153,197,0,0,149,0,0.0,2,0,3,1
55,1,0,124,308,0,1,147,1,1.7704301202945434,1,1,3,0
66,1,0,152,232,1,1,152,1,0.0,0,3,3,0
67,1,1,134,352,1,1,169,0,0.0,1,0,2,1
63,1,0,152,310,1,0,167,0,2.199474056944089,2,1,3,0
38,1,3,120,231,0,1,182,1,3.8,1,0,3,0
53,0,1,105,225,0,0,122,0,0.9637846195760712,2,0,3,0
62,0,0,128,317,1,1,150,0,0.0,1,0,2,1
40,0,3,118,243,0,1,171,0,0.0,2,0,2,1
59,1,3,160,273,0,0,125,0,0.0,2,0,2,0
41,0,0,147,224,0,1,202,0,0.0,1,0,2,1
64,1,0,145,294,0,0,175,1,0.45680032287158046,1,0,3,0
46,1,0,124,250,0,1,122,1,3.8026219852502954,1,1,3,0
72,0,1,120,275,1,0,146,0,0.3372526625041589,2,1,2,1
65,0,0,145,290,0,0,138,1,0.22776325009785414,2,1,3,0
60,1,0,114,281,0,0,164,0,0.0,2,0,2,1
65,0,2,132,311,0,0,136,1,0.5404185462378996,2,0,2,1
61,1,2,131,143,0,0,164,1,2.7507774693245635,2,1,2,0
57,1,1,124,261,0,1,141,0,0.3,2,0,3,0
66,1,2,133,233,0,0,130,1,2.0086630708871107,1,3,3,0
51,1,3,125,209,0,1,175,0,0.0,1,0,3,1
33,0,1,106,225,1,1,198,0,0.0,2,0,2,1
39,1,2,140,321,0,0,182,0,0.0,2,0,2,1
42,0,0,101,208,0,0,105,0,3.2113085417236267,2,2,2,0
49,0,1,121,310,0,0,173,0,1.55257552216024,2,4,3,1
64,1,3,153,221,0,0,166,0,1.2315666066519384,2,0,2,1
39,0,0,112,244,0,1,189,0,0.0,2,0,3,1
54,0,1,141,277,0,1,147,0,0.502258976489127,2,0,2,1
53,1,0,137,237,0,1,152,0,1.6706511719347539,2,1,3,0
59,1,3,108,215,0,0,110,1,2.1196672091470186,2,0,2,0
56,1,0,133,224,0,0,115,1,2.150032481351526,2,1,3,0
57,1,0,132,207,0,1,168,1,0.0,2,0,3,1
66,1,0,162,265,0,0,168,1,1.0015951116398811,1,3,1,0
56,1,0,179,224,1,1,146,1,1.2241376649828324,2,0,2,0
60,1,0,122,319,0,0,162,0,1.1076691775119556,2,0,2,1
52,1,0,133,322,0,0,131,1,1.3882358825692842,1,1,2,0
48,1,1,129,186,0,0,187,0,0.0,2,0,2,1
59,1,0,135,234,0,1,161,0,0.5,1,0,3,1
66,0,2,144,401,0,0,172,1,0.6661206802891732,1,0,2,1
64,0,2,140,174,0,0,138,0,0.07404143351579584,2,0,2,1
59,1,0,140,177,0,1,162,1,0.0,2,1,3,0
60,0,2,132,159,0,1,163,0,0.9701017361165158,2,2,2,1
69,0,2,122,252,0,1,148,1,0.0,1,0,2,1
52,0,2,138,248,0,1,177,1,0.0,1,0,2,1
66,1,0,150,209,0,1,150,1,3.4266410518850514,1,2,3,0
45,0,2,117,126,0,1,173,0,0.18433732878657116,2,0,3,1
58,1,2,115,229,0,1,147,0,0.37399597500157056,2,0,2,1
47,0,2,104,281,0,1,176,0,0.5263717795303924,2,0,2,1
50,0,0,135,257,1,1,158,0,0.7913454902427098,2,0,2,1
69,0,3,136,238,0,1,137,1,2.973979897068908,1,1,3,0
69,1,3,147,213,0,1,118,1,2.587114543145275,2,0,1,0
51,0,2,134,284,0,0,171,0,1.5311667933046853,2,1,2,1
53,0,2,137,260,0,1,172,0,1.2688109448027043,1,1,2,1
59,1,2,138,266,0,1,180,1,1.9762096450279152,2,2,1,0
53,1,0,137,229,0,0,162,0,1.080408202445474,1,2,3,0
47,1,2,128,266,0,0,184,0,0.36554770221488797,2,0,2,1
65,1,0,117,233,0,0,160,1,0.9294216987001983,1,3,3,0
57,1,3,125,177,0,1,145,0,0.289340406574101,2,0,2,1
40,0,2,116,222,1,1,162,1,0.6337740481538587,2,0,3,1
52,1,2,138,240,0,0,161,0,1.353666098321122,2,0,2,1
47,0,0,131,131,0,0,147,1,2.345074933237349,1,0,2,0
59,1,0,137,243,0,1,140,0,1.3336241353539044,1,0,3,0
41,1,2,117,375,0,1,193,0,1.8819005374435727,1,1,2,0
63,1,0,114,232,0,0,137,1,4.411908549110423,1,0,3,0
42,0,2,132,201,0,1,151,0,0.5274194050950243,2,1,2,1
67,1,2,138,244,0,1,114,0,0.7460398191175786,2,0,2,1
49,0,1,134,271,0,1,162,0,0.0,1,0,2,1
58,1,3,137,131,0,0,168,1,2.419683715860067,1,1,3,0
65,1,0,161,205,0,0,104,1,4.087302606835069,2,1,3,0
46,0,2,142,177,0,0,160,1,1.4,0,0,2,1
52,1,0,134,283,0,1,110,0,1.7970066885048894,1,1,3,0
50,1,0,123,339,1,0,169,0,0.2761621144592463,0,0,3,0
61,0,0,143,247,0,0,129,1,3.1225317218954705,2,0,3,0
65,1,0,144,255,0,0,138,0,1.6736378151429994,2,1,1,0
43,1,2,141,201,0,1,198,0,0.3485009285002348,2,0,2,1
57,1,0,128,250,1,1,154,0,1.1935398240008235,1,1,3,0
63,1,0,175,290,0,0,125,1,3.107744923094098,1,0,3,0
53,0,0,136,234,1,1,135,1,0.1671580138309277,0,0,2,1
53,1,0,150,235,0,1,157,0,1.2650462625684538,1,0,2,0
56,0,0,125,203,0,1,136,0,0.5216200878009458,1,0,3,0
45,1,2,124,134,0,0,148,0,0.07224784335842593,2,0,2,1
51,0,0,105,346,0,0,157,0,1.5776774158243925,1,0,3,0
63,1,0,140,187,0,0,144,1,4.0,2,2,3,0
54,1,0,125,227,0,1,165,0,0.0,2,0,2,1
52,1,0,112,230,0,1,160,0,0.0,2,1,2,0
55,1,0,140,217,0,1,111,1,5.6,0,0,3,0
41,0,1,130,204,0,0,172,0,1.4,2,0,2,1
59,1,1,132,216,0,0,137,0,0.9348842820870442,2,0,2,1
66,1,0,135,256,0,1,136,1,0.535168995428212,2,0,2,0
56,1,0,121,239,1,0,146,0,1.7559443073777046,1,0,3,0
44,1,3,118,240,0,0,169,0,0.0,1,0,2,1
68,1,0,145,337,0,0,159,1,2.327522345883207,1,1,3,0
44,1,0,147,229,0,1,175,0,0.0,2,3,1,1
63,0,3,123,322,0,0,114,0,1.6109189127118735,2,2,2,1
62,1,1,150,175,0,1,165,1,1.283865476290367,2,0,2,1
61,1,0,187,268,0,1,157,1,2.346818802084884,1,2,1,0
70,1,0,115,229,0,1,82,0,1.4803883457477809,1,1,3,0
48,1,2,121,248,0,1,185,0,0.3457638692524851,0,0,3,1
71,0,2,170,288,0,1,152,1,3.830085613040986,2,0,3,0
37,1,2,127,289,0,1,190,0,0.07667343047832609,2,0,2,1
44,1,1,116,263,0,2,170,0,1.5166121214027937,2,0,2,1
45,1,0,136,218,0,0,164,0,1.7310699176614137,1,2,2,0
56,1,0,94,275,0,1,151,0,0.9670905667340666,2,0,2,1
49,1,0,157,157,0,0,179,0,0.8502223214728177,1,0,1,1
50,0,0,136,253,0,1,164,0,2.489334538175283,1,0,1,0
46,1,0,139,258,0,0,158,1,0.6490388145004168,1,3,2,0
56,1,0,105,260,0,0,117,1,0.6420162803236837,1,2,2,0
42,1,2,133,269,0,1,143,1,0.0,2,0,2,1
55,1,0,126,191,0,0,90,1,0.338525835762989,1,1,2,0
44,1,1,120,263,0,1,173,0,0.0,2,0,3,1
46,1,3,98,231,0,1,170,0,0.0,1,0,2,1
59,1,0,100,255,0,0,122,0,2.357466313818269,2,0,1,0
62,0,0,123,371,0,1,143,0,0.11496482651190304,2,1,2,1
40,1,0,110,260,1,0,177,0,2.6397612298684656,2,0,3,0
61,1,0,144,281,1,0,138,1,0.0,1,1,3,0
54,1,1,141,400,0,0,191,0,0.4852670308561804,2,1,2,1
49,1,0,160,247,0,1,145,0,0.0,1,1,2,0
49,1,0,148,178,0,0,169,0,0.0,2,1,2,1
54,1,0,110,239,0,1,126,1,2.8,1,1,3,0
55,0,1,108,346,0,1,152,0,1.0674059562295166,1,0,1,1
70,1,0,145,174,0,1,125,1,2.6,0,0,3,0
62,1,0,124,272,0,1,120,0,0.6103010438624225,2,0,2,1
46,1,2,106,239,0,1,158,0,0.19189782150096946,2,0,2,1
55,1,2,132,150,0,0,138,0,0.6446443120311658,1,0,2,1
49,1,0,132,216,1,1,148,0,0.0,2,0,2,0
46,1,2,135,204,0,1,154,0,1.595077275612545,1,0,2,1
76,0,1,139,310,0,1,151,1,1.1621887367278725,1,0,2,1
65,1,1,148,249,1,0,109,0,4.846654330203395,1,2,3,0
58,1,0,128,216,0,0,131,1,2.2,1,3,3,0
66,1,0,160,248,0,0,151,1,4.44410382315253,1,1,3,0
52,1,1,137,284,0,0,149,1,2.0429645383952426,1,1,3,0
55,1,0,137,252,1,1,154,0,0.0,2,0,3,0
61,1,0,125,216,0,1,133,1,2.191669853948688,2,0,3,0
59,1,3,178,270,0,0,145,0,4.2,0,0,3,1
35,0,0,138,183,0,1,182,0,1.4,2,0,2,1
65,1,0,147,185,1,0,111,0,4.432627760548535,2,0,3,0
59,1,0,110,239,0,0,142,1,1.2,1,1,3,0
55,1,0,120,229,1,0,122,1,0.5376016940309247,1,3,1,0
53,0,2,134,196,1,0,140,0,1.5014355167724134,1,0,2,0
56,1,0,129,192,0,1,124,1,0.7622065648225825,1,2,1,0
60,1,0,155,304,0,0,174,0,3.5529219704382773,1,1,2,0
47,1,2,117,275,0,0,140,0,0.0,1,0,2,1
47,0,1,153,212,0,1,197,0,0.0,2,0,2,1
52,1,0,135,198,0,0,114,1,3.3772511481215273,2,1,3,0
54,1,0,125,225,1,0,138,1,1.3997871016474654,1,3,2,0
43,0,0,119,274,0,0,92,1,1.4516537263631595,2,0,3,0
53,0,0,138,234,0,0,160,0,0.0,2,0,2,1
52,0,0,119,262,0,0,144,0,0.0,1,0,3,1
52,1,2,118,218,1,0,158,1,1.8732641178174605,2,0,2,1
45,1,1,145,217,0,0,156,0,0.21487543934528103,2,0,2,1
42,0,0,102,265,0,0,122,0,0.6,1,0,2,1
60,1,0,127,272,0,0,129,1,1.135708620089539,2,2,3,0
58,0,1,118,264,0,0,143,0,0.0,2,0,2,1
49,0,1,121,288,0,1,151,0,1.4550689772881256,0,1,2,1
71,1,1,133,281,0,1,85,0,3.4786364398944625,2,0,3,0
53,1,0,130,215,0,0,142,1,0.0,2,0,2,0
56,1,0,145,275,0,0,126,0,1.6425776699918588,1,0,3,0
61,0,1,162,274,0,0,102,1,3.84195516879646,1,0,1,0
61,0,2,150,256,0,0,149,0,2.154830151302007,1,0,2,1
61,1,0,147,244,0,0,142,0,1.983562742383865,2,2,3,0
65,0,3,135,300,0,0,131,1,0.46909575315338164,1,0,2,1
49,1,0,127,302,0,0,91,0,4.073075996886073,1,0,3,0
52,1,0,107,258,0,0,173,1,0.0,1,3,3,0
50,1,0,122,231,0,1,157,1,0.0,1,3,2,0
73,1,2,146,251,0,0,154,0,0.0,2,1,1,1
49,0,2,133,221,0,1,100,1,1.1708356624285177,1,0,3,0
49,1,0,151,248,0,1,138,1,0.6726979513448432,1,0,2,1
62,1,0,144,253,0,1,146,0,2.3224847737120498,1,2,2,0
49,1,2,121,222,0,0,162,0,0.0,2,0,2,1
77,1,0,133,279,0,1,110,0,1.0674683433919094,1,1,2,0
60,1,0,112,299,0,0,154,1,0.0,1,0,3,0
42,1,2,95,211,1,1,184,0,0.8176170311727452,2,0,2,1
61,0,1,132,295,0,1,143,0,1.9227077184977261,1,0,2,1
54,0,2,151,202,0,1,148,0,1.8995835971778026,0,0,2,1
57,1,1,112,184,0,1,130,0,0.07401458601206079,2,0,2,1
35,1,0,120,198,0,1,130,1,1.6,1,0,3,0
49,0,3,120,220,0,0,120,0,1.6424353588657188,2,0,3,1
52,1,0,106,228,0,0,128,0,2.969154521119349,1,1,2,0
52,1,1,128,205,1,1,184,0,0.0,2,0,2,1
55,0,1,135,250,0,0,161,0,1.4,1,0,2,1
57,1,0,129,256,0,0,160,0,1.6939556924468422,2,0,2,0
44,1,0,143,216,0,1,191,0,0.956597713328346,1,0,2,1
61,0,3,117,163,0,1,133,0,1.1214128737673752,1,1,3,1
61,0,0,162,316,0,0,172,0,0.49819613366125726,1,1,3,1
70,1,0,141,277,0,0,133,1,2.8819856001740014,1,1,3,0
60,0,0,150,258,0,0,157,0,2.6,1,2,3,0
58,1,3,114,130,0,1,117,0,0.4242298625209998,2,0,2,1
61,1,1,142,269,0,0,123,1,3.364583624951888,1,1,3,0
60,1,2,152,185,0,1,169,0,0.3471501649958296,2,0,2,1
50,1,0,109,242,0,0,105,0,1.455532971466899,2,1,3,0
56,1,0,148,306,0,0,164,1,0.9511924643162334,0,0,1,1
42,0,3,116,256,0,0,153,0,2.1666519636088495,2,1,0,0
67,1,0,129,282,0,0,132,0,2.395197711776256,1,1,3,0
50,1,0,106,181,0,0,128,1,1.7865699942964623,1,0,3,0
72,1,3,128,269,0,1,132,0,2.2084578313030634,1,1,3,0
53,1,1,159,298,1,0,158,1,2.7185592982100277,2,2,1,0
55,1,3,157,354,0,1,156,1,1.6609157204851976,1,0,3,0
54,0,3,177,208,0,1,148,0,0.24718802769677933,2,1,3,1
56,1,0,160,278,0,1,148,1,0.804847086566046,1,0,3,0
44,0,2,146,183,0,0,165,0,1.4302118868035956,2,0,2,1
51,0,2,140,308,0,0,142,0,1.5,2,1,2,1
58,1,0,156,240,1,0,180,1,0.6808531660601101,2,2,3,0
53,1,0,131,176,0,1,151,1,0.23760520000358354,1,0,3,0
50,1,2,146,201,0,1,201,0,0.17013086963082413,1,0,2,1
50,0,2,99,158,0,1,172,0,1.3727482347460582,2,0,2,1
62,1,0,109,319,0,0,152,0,0.6339208958896452,1,3,2,0
60,1,0,155,323,0,0,147,0,2.9870539727559375,2,0,0,0
53,1,0,113,258,1,0,152,0,0.0,2,0,2,1
64,0,2,140,313,0,1,133,0,0.2,2,0,3,1
40,0,0,112,209,0,1,163,0,0.8830165516839654,2,0,2,1
66,1,0,158,249,0,2,118,0,1.417996118535047,1,1,2,0
55,1,2,141,381,0,0,151,1,1.7113939305784145,2,0,3,0
55,0,2,125,223,0,1,136,0,0.9190834077773719,2,0,2,1
59,1,3,130,268,0,0,81,1,0.9816022454066466,1,3,3,0
65,1,0,153,223,0,1,113,0,3.0504952691977616,1,0,1,0
60,1,0,146,278,0,1,153,0,0.0,2,0,2,1
58,1,2,135,189,0,1,129,0,0.07812305574674172,2,0,2,1
52,1,2,137,176,0,0,202,0,0.0,2,0,2,1
50,0,0,139,350,0,0,120,0,2.498604356797889,1,1,3,0
41,1,1,135,203,0,1,132,0,0.0,1,0,1,1
50,0,2,120,219,0,1,158,0,1.6,1,0,2,1
60,0,1,142,271,0,0,115,1,2.401858608753743,0,0,1,0
43,1,0,120,177,0,0,120,1,2.5,1,0,3,0
39,0,0,130,159,0,1,168,0,0.0,2,0,2,1
55,1,2,102,185,0,1,144,0,0.6745346340268387,1,0,2,1
43,1,3,122,286,0,1,195,1,0.6061055865748735,1,0,2,1
66,1,0,120,302,0,0,151,0,0.4,1,0,2,1
53,1,2,119,198,1,1,159,0,0.0,2,0,1,1
42,1,0,100,348,0,1,130,0,2.161444024264325,1,0,1,0
63,0,0,137,230,0,0,134,0,0.8552208016810559,0,1,2,1
57,1,0,156,131,0,1,88,1,2.8547050743075815,2,0,3,0
56,1,0,121,235,0,0,127,1,0.2477449369220437,1,3,3,0
49,1,1,126,217,1,1,142,0,1.549162606378436,1,0,3,0
58,1,0,100,147,0,0,104,1,0.8846592408744859,1,0,3,0
51,0,1,138,170,0,0,178,0,1.3608073896348682,2,0,2,1
48,1,1,153,264,0,1,161,1,1.4694379692008652,1,2,1,0
65,1,0,130,247,0,0,141,1,1.4938733410854592,1,0,3,0
52,1,1,134,201,0,1,158,0,0.8,2,1,2,1
55,1,2,119,295,0,0,171,0,1.4858275164473604,2,0,2,1
52,0,2,134,230,0,1,161,1,0.6086248065240477,2,0,2,1
49,1,1,148,227,0,1,165,0,0.04407360546948036,1,0,3,1
49,0,1,114,209,0,1,149,0,0.44018087855105104,2,0,3,1
66,1,2,134,219,0,0,135,1,0.6970402028772292,1,1,3,0
49,1,0,156,260,1,1,127,1,0.616984526334134,1,3,2,0
73,1,0,131,225,0,0,126,0,4.026490649117426,0,2,3,0
57,1,0,131,238,0,1,154,0,0.9617314363149654,2,1,3,1
29,1,0,142,161,0,0,180,0,1.1672665507807152,1,0,0,1
37,0,1,129,255,0,1,156,0,0.5955348765578233,2,0,2,1
53,1,0,130,269,0,1,135,0,0.13798746270478962,2,0,2,1
49,1,2,138,217,0,0,169,0,0.32594266937333505,2,0,2,1
48,1,2,127,249,0,0,185,0,0.0,2,0,2,1
63,1,0,156,286,0,0,130,1,0.0,0,0,3,0
50,1,0,139,235,0,1,117,1,3.223634391799365,2,1,3,0
54,1,0,114,215,0,1,149,1,2.2375392323841172,1,0,2,0
68,1,0,108,222,0,1,157,0,0.053576622705805765,2,0,2,1
52,0,0,129,272,0,0,117,1,0.2309682542838527,1,1,2,1
43,1,0,103,314,0,0,144,0,1.3648072830029694,1,3,2,0
52,1,2,172,199,1,1,162,0,0.5,2,0,3,1
64,0,0,140,322,0,1,150,0,1.7179287087786173,2,0,2,1
58,1,0,127,286,0,1,131,1,0.5784230465645146,1,1,2,0
47,0,2,123,313,0,1,183,0,0.0,2,0,2,1
61,0,0,124,211,0,0,153,0,1.5474607159836395,1,0,1,1
60,1,2,101,268,1,1,135,1,0.6974223730742972,0,1,2,1
45,1,1,128,308,0,0,170,0,0.0,2,0,2,1
66,1,2,138,219,0,1,133,0,0.0,2,0,2,1
43,1,3,122,306,1,1,168,0,1.078758701527498,2,1,2,1
63,1,0,119,240,0,0,135,1,3.648628795322504,1,0,3,0
66,1,2,137,241,0,0,149,0,0.3708699816350767,0,0,3,0
53,1,0,142,285,0,0,153,0,0.16296682559777365,2,2,2,0
51,1,0,118,260,0,0,138,0,0.29997516640866495,1,0,3,0
56,1,1,140,242,0,0,191,1,0.6202085651831796,2,0,3,0
62,1,1,122,279,0,1,143,0,0.5819793352137437,1,0,2,1
63,1,3,108,366,0,0,137,0,0.24631958834204043,2,0,2,1
58,1,1,131,334,1,0,174,0,1.2336345818975476,2,0,2,1
52,1,1,143,327,0,2,117,1,0.8423215641372179,1,1,2,0
61,1,2,110,272,0,0,156,0,0.0,1,0,3,1
43,1,0,115,303,0,1,181,0,1.2,1,0,2,1
49,0,3,155,286,1,1,133,0,0.7098078882019022,1,0,2,1
40,1,2,113,230,0,1,96,1,1.6896136658205032,1,0,3,0
57,1,0,165,214,0,1,130,0,2.2524425259792498,0,0,3,0
47,1,0,100,213,1,0,128,1,0.0,0,2,2,0
45,1,0,134,251,0,1,154,0,0.6816997930391765,1,1,1,1
56,1,3,140,215,0,0,153,0,1.0713415440176448,2,0,2,1
46,1,0,108,156,0,1,153,0,0.0,2,0,3,1
66,0,0,154,223,1,0,158,1,2.7086500724889646,1,3,2,0
54,1,2,161,222,0,1,139,0,1.2015506809393695,1,0,2,1
51,0,1,140,240,0,0,195,0,1.9510260761462295,1,2,3,0
42,1,0,112,257,0,0,168,0,0.19117538857053784,1,1,3,0
41,0,2,135,265,0,1,175,0,0.0,2,1,3,1
49,0,0,142,253,0,1,185,0,0.0,2,0,2,1
62,0,0,125,219,0,0,114,1,2.937374845667542,1,3,3,0
48,1,0,130,330,0,0,152,1,0.0,1,0,3,0
65,1,0,141,273,0,1,153,0,0.6864554023326279,1,0,2,1
73,1,0,138,226,0,0,131,0,0.18776196421619334,2,0,2,1
48,1,0,123,234,0,0,141,0,0.4722324983582386,1,0,2,1
48,1,0,150,233,0,0,171,1,3.005623028658535,2,1,2,0
60,1,0,139,195,0,1,146,0,2.16925666008054,1,3,2,0
50,1,3,153,181,0,0,160,1,0.41952601408156254,0,0,1,1
67,1,0,125,254,1,1,163,0,0.2,1,2,3,0
47,0,3,130,326,0,0,180,0,0.6140508574118644,0,4,2,1
50,0,0,164,243,0,0,154,0,4.287887918423739,1,3,3,0
54,1,0,103,242,0,1,156,0,2.2866117059776236,1,1,3,0
48,1,1,110,229,0,1,168,0,1.0,0,0,3,0
58,0,0,124,312,0,1,141,0,0.0,1,2,3,0
47,1,2,147,233,0,1,181,0,1.1383305015543406,1,1,2,1
47,0,2,127,268,0,0,166,0,1.4952272733496943,0,0,2,1
52,0,2,136,196,0,0,169,0,0.1,1,0,2,1
44,1,1,127,190,0,0,145,1,0.6159792357054228,2,0,2,1
64,0,2,110,269,1,0,172,0,1.0580055137448956,2,0,2,1
59,1,2,150,212,1,1,157,0,1.6,2,0,2,1
67,0,0,150,229,0,0,135,0,5.1232606357324,1,0,1,0
56,0,0,143,312,0,0,181,0,1.4302021854877864,2,0,2,1
57,1,2,180,249,0,0,183,1,0.0,2,0,2,1
49,0,0,147,207,0,0,151,0,0.0,2,0,2,1
58,1,0,122,245,0,0,168,1,0.8996554572623396,1,1,2,0
54,0,2,125,242,0,1,124,1,2.207343351786258,2,1,3,0
62,1,1,145,224,0,0,153,0,0.39487026452505014,2,1,2,1
55,1,0,126,302,0,0,154,0,1.3910223419369099,1,0,3,0
64,0,3,140,323,1,0,140,0,1.201093575823633,2,0,2,1
58,0,2,144,287,0,1,177,0,0.0,2,0,3,1
66,1,0,179,325,1,1,146,1,1.8439463252353723,2,1,2,0
48,0,0,161,193,0,1,120,0,4.053462996570985,1,3,3,0
44,1,3,143,334,0,0,177,1,0.0,2,2,2,1
47,1,0,112,204,0,1,143,0,0.1,2,0,2,1
55,1,1,126,224,0,0,145,0,1.0597107047570407,2,0,2,1
59,0,0,137,246,0,0,170,0,0.0,2,0,2,1
63,1,0,171,201,0,0,73,1,4.151510684120212,1,2,3,0
64,1,1,158,283,0,0,140,0,1.3436552925472403,1,3,3,0
62,1,1,128,208,1,0,140,0,0.0,2,0,2,1
56,1,0,133,234,0,0,178,1,1.9793415913575534,0,2,2,0
48,1,0,164,143,0,1,167,1,1.5866847983071768,1,0,3,0
68,0,0,111,297,0,1,152,1,2.787396896967194,1,3,2,0
57,1,0,141,238,0,0,131,1,2.315912121383451,1,1,3,0
46,0,2,132,203,0,0,171,0,0.9019811618603366,2,0,2,1
53,1,0,123,282,0,1,95,1,2.0,1,2,3,0
72,0,1,142,312,0,1,156,1,1.087834330984401,1,2,2,1
62,1,0,123,175,0,1,120,1,0.26210840890298304,1,1,2,0
58,1,0,114,318,0,2,140,0,4.4,0,3,1,0
73,1,0,131,238,0,1,130,0,1.4934452002430147,1,2,3,0
50,0,1,115,268,0,1,146,0,0.0,2,0,2,1
53,1,0,132,236,0,0,131,1,0.0,1,1,3,0
66,1,0,131,277,0,0,124,0,2.0455622290566082,1,0,3,0
51,1,1,123,288,0,0,144,0,0.0,1,0,3,0
57,1,0,150,313,0,1,161,0,3.751414785736755,1,2,3,0
60,1,3,136,285,0,1,151,0,1.1138983736650152,2,0,2,1
69,0,3,140,239,0,1,151,0,1.8,2,2,2,1
72,0,0,115,274,0,1,94,0,0.4561097323429044,1,3,3,0
49,0,0,136,279,0,1,154,0,0.37622960252658894,2,0,2,1
52,0,3,144,199,1,0,201,0,1.053181400228097,1,0,2,1
67,1,0,140,369,0,0,162,1,0.0,1,1,3,0
58,1,2,100,263,0,0,133,1,0.0,1,2,1,0
62,0,2,131,302,0,0,131,1,0.5307012782579277,1,0,2,1
58,1,2,125,225,0,1,144,0,0.4911126222450841,1,0,2,1
50,1,0,138,216,0,0,189,0,0.6449889745809803,2,0,2,1
73,0,0,129,275,0,0,154,0,0.8863496755756587,2,0,3,1
54,0,0,122,231,0,0,178,0,0.25212147191837686,2,0,2,1
41,1,0,129,226,0,1,141,0,0.8568904402086802,1,0,2,1
56,0,2,131,324,0,0,167,0,0.5105240036596312,2,0,2,1
55,0,0,118,144,0,0,114,0,1.1658401369210463,0,0,3,0
44,1,0,124,277,0,1,163,1,0.0,1,0,3,0
64,1,0,109,304,0,0,110,1,0.9626881737180437,1,0,3,0
48,1,1,145,267,1,0,161,0,1.5472930751870506,0,0,3,0
66,0,1,144,333,0,1,160,0,1.1477341092460054,2,0,3,1
43,1,3,108,184,0,1,165,0,1.8368004611276412,1,0,2,1
54,0,1,132,288,1,0,159,1,0.0,2,1,2,1
43,0,3,109,341,1,0,193,0,0.24637522858066496,2,0,2,1
50,1,3,126,332,0,1,123,0,2.649491674463196,2,3,3,0
76,0,2,140,197,0,2,116,0,1.1,1,0,2,1
53,0,3,135,252,0,0,161,1,0.18446581708209792,1,3,2,1
65,0,2,122,360,0,1,171,0,1.680974719213467,2,0,2,1
58,1,0,135,329,0,0,125,1,2.5079224913383595,2,1,3,0
62,0,2,135,295,0,1,150,0,1.269012020710631,1,0,2,1
67,1,2,152,212,0,0,150,0,0.8,1,0,3,0
58,0,0,111,246,1,1,124,0,1.6459818092193221,2,1,3,1
59,1,0,170,260,0,0,155,1,0.4815445065740587,1,2,3,0
43,1,0,128,183,0,0,124,0,0.6282476615707104,1,2,3,0
54,0,2,110,214,0,1,158,0,1.6,1,0,2,1
41,1,1,110,235,0,1,153,0,0.0,2,0,2,1
55,1,0,136,226,0,0,151,0,2.0065071938999997,2,1,3,0
46,0,2,123,232,0,0,149,1,1.3340124907185253,2,0,2,1
50,1,2,148,275,0,0,174,0,0.0,2,2,3,0
49,0,0,130,269,0,1,163,0,0.0,2,0,2,1
59,0,2,120,324,0,1,120,0,1.7574962497469035,1,3,1,0
64,1,0,163,235,0,0,134,0,2.8776870090136577,1,0,2,0
49,0,0,119,313,0,0,186,0,1.3478360466000268,2,0,3,1
58,1,2,140,211,1,0,165,0,0.0,2,0,2,1
40,1,0,108,160,0,1,118,0,3.4080969239445187,1,2,3,0
71,1,2,131,253,0,0,148,0,0.9662420557016949,2,0,2,1
55,0,0,128,205,0,2,130,1,2.0,1,1,3,0
60,0,1,127,271,0,0,162,0,0.0,2,0,2,1
53,1,0,136,334,0,0,175,0,0.0,1,2,3,0
67,1,2,151,250,0,1,154,0,0.9162660619360266,2,1,2,1
44,0,2,124,327,0,0,199,0,0.0,2,0,2,1
58,1,2,136,234,0,0,113,1,1.6670629418667435,1,0,3,0
70,1,2,160,269,0,1,112,1,2.9,1,1,3,0
56,1,0,178,268,1,0,156,1,0.0,1,0,2,0
64,1,0,117,234,0,0,118,1,0.25771988226747844,1,1,3,0
61,1,0,131,166,0,0,180,0,1.3667013121852352,1,2,3,0
48,0,2,130,275,0,1,139,0,0.2,2,0,2,1
62,0,0,134,226,0,1,79,1,3.51342152655956,1,1,1,0
49,1,0,160,211,0,1,118,1,2.7557983629914684,1,1,3,0
59,1,0,131,230,0,0,195,1,1.0300724735181774,2,1,2,0
60,1,2,145,287,1,0,144,0,0.33134897257269347,1,3,3,0
63,1,0,153,210,0,0,156,1,2.058829431017261,1,2,3,0
38,1,2,122,237,0,1,167,0,0.9761426731281314,2,0,2,1
60,1,2,124,168,1,0,168,0,0.0,1,0,2,1
58,1,0,136,232,0,1,119,0,0.4308798479086269,2,2,3,0
75,1,0,142,271,0,0,119,0,0.6812808465390794,1,1,3,0
42,1,2,130,180,0,1,150,0,0.0,2,0,2,1
43,0,3,113,295,0,0,162,0,1.301141714246813,2,0,2,1
63,1,0,124,262,0,1,128,1,2.1136234354840804,1,3,2,0
57,0,0,128,303,0,0,159,0,0.0,2,1,2,1
57,0,0,140,241,0,1,123,1,0.2,1,0,3,0
51,1,0,121,319,0,0,119,0,1.5788790954865537,0,0,2,0
58,1,0,100,234,0,1,156,0,0.1,2,1,3,0
46,1,3,145,198,0,0,151,0,2.99484317305932,1,2,3,0
61,0,1,130,328,0,0,154,0,0.0,2,0,3,1
40,0,2,117,207,0,0,166,0,0.8889494318227669,2,0,2,1
45,0,0,117,377,0,1,168,1,0.9803300835417557,2,0,2,1
76,0,1,121,310,0,0,125,0,2.3494397246706087,1,0,2,1
48,1,2,146,152,0,1,174,1,0.0,1,0,2,1
53,1,0,131,242,0,1,92,0,0.829064311174578,0,1,3,0
65,1,2,104,235,1,0,152,1,0.0,0,1,2,1
44,1,1,130,219,0,0,188,0,0.0,2,0,2,1
49,1,0,153,221,0,0,149,1,0.0,2,2,1,0
50,0,1,146,283,0,1,168,0,0.0,2,4,2,1
57,0,0,102,251,0,0,195,0,0.3306466658414009,1,3,3,0
56,1,3,114,217,0,0,135,0,0.5356140545954303,1,1,2,1
38,0,1,136,181,0,0,175,0,2.321027210805848,2,0,2,1
63,1,0,163,233,0,0,149,1,1.457415736326814,1,0,3,0
46,1,0,142,137,0,0,94,0,1.5807117202988992,1,1,2,0
59,1,2,153,259,0,1,160,0,0.2027333404142428,2,0,1,1
50,1,1,133,227,0,0,166,1,1.6944917830893487,1,1,2,1
59,1,0,142,286,0,0,152,0,0.24191906652169437,2,0,3,0
53,0,1,114,199,0,0,152,0,1.1626232751881744,2,1,2,1
39,0,0,107,182,0,0,158,0,0.0,2,0,2,1
62,1,0,149,149,1,1,184,0,2.025629748542623,1,0,3,0
46,1,2,129,251,0,0,161,0,1.7911183341684116,1,0,2,1
58,1,0,146,218,0,1,105,0,2.0,1,1,3,0
61,1,0,123,182,0,0,147,0,1.6372061419168058,2,0,2,1
67,1,1,139,193,0,1,112,1,2.675268417242453,1,1,3,0
61,0,0,125,359,0,0,139,0,0.0,0,0,2,1
60,1,0,121,236,1,1,130,0,2.909987039202078,1,3,3,0
40,1,0,164,244,0,2,133,1,3.153523221033724,1,1,1,0
49,0,3,114,234,0,0,164,0,0.0,2,0,2,1
36,0,1,100,270,0,1,186,0,0.0,2,0,2,1
47,1,0,136,280,0,0,181,1,2.036154456554165,1,1,3,0
43,1,1,131,267,0,0,176,1,0.6843358725147083,1,2,2,0
63,1,0,136,344,0,0,144,1,1.806258842368513,1,3,3,0
54,1,3,142,291,0,0,146,0,0.9316949664521703,1,0,3,0
59,1,0,132,248,0,0,151,1,1.5299435814767626,1,1,3,0
65,1,2,137,279,1,0,122,0,2.039830055011446,0,3,2,0
55,1,0,132,353,0,1,132,1,1.2,1,1,3,0
66,1,2,146,264,0,1,132,0,0.32784641804473996,2,0,2,1
61,1,0,175,298,0,0,155,1,0.8320671737343196,2,2,3,0
65,1,0,131,232,0,1,148,1,2.9097793689656735,1,1,3,0
68,0,0,148,228,0,1,141,0,0.6230838783211134,1,1,2,1
65,1,0,143,220,0,1,146,0,2.130115040585552,2,3,3,0
52,0,1,112,190,1,1,140,0,0.8730569575164631,2,0,2,1
58,1,2,129,314,0,0,179,0,0.8100077065169231,1,0,2,1
68,1,0,166,284,0,1,160,1,0.749797360462672,1,0,2,0
54,0,0,147,259,0,2,108,0,1.7956910920839488,1,1,3,0
64,1,2,140,335,0,1,158,0,0.0,2,0,2,0
56,1,1,105,244,0,1,118,0,2.982160382627732,1,1,3,0
57,1,0,144,198,0,0,137,0,1.762059013686064,1,1,0,0
48,0,3,122,156,1,0,144,0,0.5168512182578253,2,0,2,1
53,1,1,125,354,0,1,153,0,0.9327874199029478,1,1,2,1
73,1,2,138,288,0,0,161,0,0.4536207129416714,1,0,3,0
53,1,3,173,278,0,1,179,1,0.700912744770541,1,0,1,0
61,0,0,137,294,0,1,140,1,0.0,2,1,3,0
61,1,0,120,260,0,1,140,1,3.6,1,1,3,0
63,1,0,130,330,1,0,132,1,1.8,2,3,3,0
57,1,2,98,287,0,1,127,0,0.24237560661377044,2,2,2,1
61,1,3,126,218,1,1,132,1,2.0800785868684315,0,3,2,0
49,1,1,111,314,1,0,177,0,1.0129740149999593,1,0,2,0
59,1,2,119,262,0,1,151,0,0.08223480911043946,2,0,3,1
62,0,1,154,215,0,0,131,1,1.7684020793776927,2,2,3,0
67,1,0,174,328,0,0,100,0,1.340695863171087,1,1,3,0
52,1,1,116,263,0,0,156,0,0.8746494311138251,2,0,1,1
62,1,0,120,267,0,1,99,1,1.8,1,2,3,0
52,1,1,106,211,0,1,152,1,0.807978315467896,0,0,2,1
39,0,2,94,199,0,1,179,0,0.0,2,0,2,1
53,1,1,132,163,0,1,105,0,2.798701162312324,2,0,2,1
50,1,1,120,170,1,0,183,0,0.0,2,1,1,1
49,0,2,130,126,0,1,153,1,0.35621205919259474,1,0,2,1
57,0,1,127,150,1,1,129,0,0.349475399116676,1,0,2,1
50,0,1,144,261,1,0,202,0,1.2814745846328979,0,0,2,1
44,1,0,135,215,0,1,149,0,0.15569386606816515,2,0,2,1
48,0,3,118,293,0,0,153,0,0.2790476258436076,0,4,2,1
53,0,0,131,196,0,0,138,0,1.775351952218411,1,2,3,0
59,0,2,147,283,0,1,153,0,0.6652208258961545,2,0,2,1
67,0,0,138,190,1,1,156,0,0.34042170733678856,1,2,3,0
52,0,0,112,270,0,0,121,1,1.7859241024780907,1,1,3,0
71,0,0,112,149,0,1,125,0,1.6,1,0,2,1
65,0,2,143,313,0,0,152,0,0.6583685293406487,2,0,2,1
40,1,0,122,189,1,1,181,0,0.654633868821656,2,0,2,1
64,1,0,145,212,0,0,132,0,2.0,1,2,1,0
56,1,1,133,287,0,1,111,0,4.931520519947245,0,0,3,0
46,1,0,115,325,0,1,162,0,0.0,2,0,3,1
66,0,3,150,226,0,1,114,0,2.6,0,0,2,1
50,0,3,157,228,0,0,148,1,2.486949519836068,2,1,0,0
55,0,0,152,245,0,1,107,1,4.469361372970406,1,0,3,0
67,1,0,151,284,0,1,123,0,2.547352104061486,2,1,2,0
50,1,1,104,295,0,1,152,0,1.4743479965793733,2,0,3,0
41,1,1,120,157,0,1,182,0,0.0,2,0,2,1
48,0,0,109,298,1,1,173,0,1.0650557090506432,1,0,2,1
56,0,3,135,230,0,0,181,0,1.0066796065963375,1,1,2,0
35,1,0,124,233,1,1,165,0,0.5061834860317171,1,2,2,0
53,0,0,132,199,0,0,141,1,3.5085463172667084,1,3,3,0
69,1,0,136,198,0,0,151,1,1.5947274126538702,1,0,3,0
58,0,2,119,174,0,0,127,0,0.010249412114356704,2,0,3,1
59,1,0,138,210,0,0,149,0,0.0,1,3,2,0
54,1,2,141,187,1,1,161,0,2.126988985461386,1,3,2,0
55,1,0,132,247,0,0,134,1,3.032423625512499,1,0,3,0
45,1,0,142,309,0,0,147,1,0.0,1,3,3,0
56,0,0,145,217,0,1,137,0,0.7469158615913072,2,0,2,1
72,1,1,133,301,0,0,133,0,0.7203614580297812,2,0,2,1
50,1,0,144,200,0,0,126,1,0.9,1,0,3,0
46,1,0,117,260,0,0,131,0,2.0263013002857053,2,2,2,0
55,1,0,142,227,0,0,169,1,4.151164194322961,1,0,3,0
56,1,0,105,181,0,1,161,0,2.77678286140492,1,1,2,0
46,1,0,100,189,0,1,134,1,2.8766345740805948,1,2,3,0
47,1,0,137,253,0,1,149,1,2.652654437819642,1,1,2,0
34,1,1,117,165,0,0,161,0,0.0,1,4,3,1
55,0,3,120,261,0,1,151,0,0.3248395020365589,2,0,2,1
50,1,0,141,219,0,1,135,0,1.103817813888862,2,1,3,0
41,0,1,105,198,0,1,168,0,0.0,2,1,2,1
52,1,0,126,252,0,0,202,0,0.0,1,0,2,1
75,1,0,163,263,0,0,184,1,1.2286153171513619,1,2,3,0
69,1,2,141,210,0,0,113,1,0.0,1,1,3,0
44,1,0,110,197,0,0,177,0,0.0,2,1,2,0
54,1,0,145,267,0,0,135,0,2.3423023709022233,2,0,2,0
55,1,2,137,297,0,1,202,0,0.9396398730057094,2,0,1,1
45,1,0,115,260,0,0,185,0,0.0,2,0,2,1
61,1,0,117,240,1,1,128,1,0.5393051728193579,1,2,2,0
52,0,1,133,351,0,1,185,0,0.0,1,1,2,1
56,1,0,133,162,1,0,125,0,3.2824550388105984,1,2,2,0
64,1,2,103,237,0,1,177,0,0.2658950257693463,1,0,2,1
60,0,0,150,215,0,1,144,1,0.9324526819374274,1,1,2,0
48,0,2,131,284,0,1,176,0,0.0,2,1,2,1
65,0,1,131,293,1,0,154,1,0.872985491900657,2,3,2,1
59,0,2,138,243,0,1,141,0,0.4207091843247368,1,2,2,1
53,1,2,142,260,0,0,140,1,0.6317240719349355,1,1,2,0
51,1,0,146,310,0,0,178,1,1.0660824669569149,1,0,3,0
51,1,2,125,245,1,0,166,0,2.4,1,0,2,1
51,0,0,100,235,0,0,137,0,0.0,0,2,3,0
57,0,0,173,215,0,0,128,0,2.9972240165915323,2,0,1,0
60,1,1,117,313,0,1,156,0,0.8420086726549877,2,0,2,1
67,0,2,105,339,0,1,160,0,0.0,0,0,1,1
56,1,3,144,309,0,1,140,0,1.2903405408700732,1,1,2,1
52,1,0,95,261,1,1,134,0,1.3620091131902716,1,0,2,1
51,1,0,158,289,0,0,122,0,1.3903207116557708,1,3,3,0
56,0,1,130,190,0,0,127,0,2.7905747996782084,1,2,3,0
66,1,2,132,244,0,1,154,1,0.8472925372184699,2,0,2,1
56,1,0,174,282,0,0,131,1,1.29453703619994,1,1,3,0
62,0,2,121,174,0,1,122,0,1.0976685427584931,1,0,2,1
67,1,0,165,273,1,0,144,0,1.5169653744266545,1,0,1,0
56,0,0,200,288,1,0,133,1,4.0,0,2,3,0
47,0,0,142,179,1,1,180,0,0.004974093426843407,2,0,3,1
53,1,2,133,239,0,1,145,1,0.0,2,2,2,1
59,0,0,167,255,0,2,126,0,4.344415627091093,1,1,1,0
52,1,0,118,278,0,0,133,0,1.9434358067700594,2,2,3,0
50,0,0,129,264,0,0,131,1,3.605628312407312,1,1,2,0
35,1,2,94,226,0,0,154,0,0.0,2,0,3,1
56,0,3,131,209,0,0,129,1,0.0,1,2,3,0
47,0,0,149,261,0,1,176,1,1.2331532861454833,2,0,2,1
46,1,0,146,265,0,0,141,0,0.9082407860408503,1,4,1,0
60,0,2,120,178,1,1,96,0,0.0,2,0,2,1
63,1,0,144,233,0,0,110,0,0.0,2,1,2,0
46,1,0,124,251,0,0,167,0,1.9585303677116017,2,0,2,1
56,1,2,148,192,0,0,151,0,0.8296105259704563,1,0,2,1
57,1,2,150,126,1,1,173,0,0.2,2,1,3,1
55,0,1,132,342,0,1,166,0,1.2,2,0,2,1
49,0,1,106,244,0,1,180,0,0.767786554736509,1,0,2,1
49,1,2,119,177,0,1,158,0,1.0127825262289485,1,0,2,1
51,1,2,100,222,0,1,143,1,1.2,1,0,2,1
52,1,0,128,155,0,0,155,1,0.9116483209973928,1,1,3,0
55,1,0,117,258,0,1,125,0,2.044491546120355,1,0,3,0
61,1,0,136,286,0,0,183,1,0.32582230342358454,2,0,3,0
57,0,1,128,200,0,1,172,0,0.00289558222778441,1,1,3,1
63,1,3,127,262,0,1,130,0,0.507001784369784,1,0,2,1
53,1,3,131,259,0,1,176,0,0.31296521715266934,2,0,3,1
65,1,0,135,254,0,0,127,0,2.8,1,1,3,0
50,1,3,138,278,0,0,136,1,2.5141706999072753,2,0,2,0
65,1,0,120,177,0,1,140,0,0.4,2,0,3,1
59,1,0,114,240,0,0,145,0,1.1980731440777892,1,0,2,1
52,1,1,155,224,0,1,169,0,1.0387969055133817,1,0,2,1
46,1,1,113,133,0,0,166,0,0.7506618446618671,1,1,2,1
55,1,1,136,223,0,0,151,0,0.7430591656402551,2,1,2,1
61,1,3,94,273,0,1,138,0,0.0,2,0,2,1
59,1,0,144,299,0,0,119,1,1.9413841792378441,2,0,3,0
58,1,0,104,237,0,1,149,1,2.0053056091079444,1,2,3,0
52,1,1,138,287,0,0,145,0,4.187206935797342,1,0,3,0
65,1,2,135,312,0,0,174,1,1.5868759497922906,1,0,2,1
53,1,0,158,325,0,0,83,1,2.096508815309264,1,1,3,0
57,1,2,139,160,0,0,155,1,1.1795207665092007,2,2,2,0
75,1,0,160,254,0,1,114,1,0.13981653507420733,1,0,3,0
43,0,3,135,247,0,0,161,0,1.575685018912845,1,0,2,1
44,0,2,157,183,0,1,183,0,0.0690985874570067,1,0,2,1
53,0,1,141,238,0,1,160,0,0.416729894401318,1,0,2,1
50,1,0,149,318,0,1,161,0,1.7285963540408709,1,0,2,1
60,1,2,143,273,0,0,151,0,0.0988914434471534,1,0,1,1
45,0,1,112,160,0,1,138,0,0.0,1,0,2,1
64,1,0,141,243,0,0,109,1,2.7619543337156434,2,2,2,0
57,0,2,136,271,0,1,145,0,0.5529490076418238,1,0,3,0
51,0,2,135,267,1,1,157,1,1.4628549348321938,2,0,2,1
47,1,0,146,285,1,0,182,0,1.8979261921713744,2,0,2,0
69,1,2,136,241,0,1,129,1,2.5838732374177127,2,2,3,0
49,0,2,100,241,0,0,165,0,0.0,1,1,1,1
58,0,0,144,211,0,0,172,0,0.5206847971042562,2,1,2,1
57,1,1,129,250,0,0,106,1,5.2362788712871815,1,0,2,0
56,1,0,114,215,0,1,144,1,0.12388364567506294,1,0,3,0
68,0,0,140,227,0,0,121,0,0.0,1,1,2,0
47,1,0,143,235,0,1,184,0,0.610860863755394,2,0,2,1
41,0,2,122,295,1,1,163,0,0.0,1,4,2,1
46,0,2,136,274,1,0,161,1,0.41146002700201123,2,0,2,1
56,1,1,121,221,1,0,142,1,2.358702057418717,1,0,2,0
65,0,2,126,293,0,1,164,1,0.9410106945161134,1,2,3,1
50,1,0,101,272,0,0,133,0,0.001687699393951858,1,2,1,0
59,1,0,119,329,0,1,142,1,0.23731861021365863,2,3,3,0
76,0,3,137,247,0,1,115,0,1.0950199574446673,2,0,2,1
56,1,0,163,260,1,0,148,1,0.6893677529502336,1,2,2,0
61,0,2,132,293,1,1,143,0,0.0,2,0,2,1
34,1,1,126,163,0,1,157,1,0.5171301078624282,0,1,2,1
59,1,0,111,329,0,1,170,0,0.0,2,0,2,1
51,1,0,140,261,0,0,186,1,0.0,2,0,2,1
34,0,1,118,210,0,1,192,0,0.7,2,0,2,1
49,0,0,128,208,0,0,168,0,0.0,2,0,2,1
56,1,1,120,236,0,1,178,0,0.8,2,0,2,1
64,0,0,119,333,0,0,117,1,3.8820704460335675,1,1,3,0
50,1,0,140,267,0,0,135,0,0.33781085833862323,1,0,3,0
63,0,0,150,407,0,0,154,0,4.0,1,3,3,0
62,0,2,144,220,0,1,143,0,0.5818550321863359,0,0,2,1
59,1,2,105,249,0,0,124,0,0.0,2,0,3,1
56,1,0,111,249,1,0,144,1,1.125765111092349,1,1,2,0
59,1,0,113,283,0,0,180,0,2.179819896141961,1,1,3,0
47,1,2,130,253,0,1,179,0,0.0,2,0,2,1
46,1,0,147,290,0,0,174,0,1.621698764835867,1,1,3,0
60,1,1,127,166,0,1,165,0,0.8286537843864166,2,1,2,0
65,1,2,131,380,0,0,170,0,0.8854113619102938,2,0,2,1
56,1,0,130,283,1,0,103,1,1.6,0,0,3,0
62,1,1,124,164,0,0,158,0,0.0,1,3,3,0
47,1,2,116,252,0,1,202,0,0.03567413174747203,1,0,1,1
56,0,2,118,170,1,1,175,1,3.112745378981195,1,1,3,0
53,1,2,142,275,0,0,160,0,1.9963205557328516,1,1,3,0
52,0,1,134,236,1,0,135,0,0.0,1,0,2,1
43,1,2,116,309,0,1,176,0,0.956492566614222,1,1,1,1
52,0,1,130,183,1,0,156,0,0.5855127160090822,2,0,3,1
65,1,0,146,244,0,0,136,1,0.8083244990897053,1,2,3,0
56,1,1,120,240,0,1,169,0,0.0,0,0,2,1
51,0,2,148,200,0,1,168,0,0.37889349817000995,1,0,2,1
67,1,0,107,252,0,0,114,1,0.6660056370664156,1,3,2,0
60,1,0,130,253,0,1,144,1,1.4,2,1,3,0
55,1,0,142,170,0,0,117,0,2.707502478229711,0,3,2,0
53,1,2,127,199,1,0,164,1,0.0,2,2,3,0
54,0,0,126,198,1,0,156,1,2.1474965344267294,2,0,2,1
49,1,0,178,307,0,1,136,0,0.5645978465707142,1,0,2,0
64,1,0,127,250,1,0,120,0,1.0882133128573113,1,1,2,0
62,1,0,111,237,0,1,138,0,2.4034336171595734,1,1,3,0
64,1,1,123,231,0,0,125,0,0.15750709721056927,2,0,2,1
52,1,0,128,255,0,1,161,1,0.0,2,1,3,0
52,0,2,159,322,0,0,176,0,0.3991504065333433,1,0,2,1
63,0,1,122,255,0,0,171,0,1.317081912640669,1,0,2,1
44,1,2,130,233,0,1,179,1,0.4,2,0,2,1
73,0,2,146,248,0,0,136,0,1.5965604991188047,2,0,2,1
56,0,0,139,209,0,0,135,1,2.02806304493631,2,1,1,0
52,1,0,114,173,1,0,152,1,1.07098801605563,2,3,3,0
66,1,0,160,228,0,0,138,0,2.3,2,0,1,1
58,1,2,115,270,0,0,166,0,1.8484371194385565,1,0,3,0
49,1,0,151,379,0,1,130,0,1.9341879474629942,1,1,3,0
65,1,0,162,301,0,0,158,1,1.9820851474649426,1,0,2,0
61,0,2,100,316,1,0,162,1,2.7404448056495436,1,0,3,0
64,1,2,144,230,0,2,159,1,0.8233479851043605,1,3,3,0
48,1,0,147,256,0,0,173,1,3.5441213672427834,1,0,3,0
52,1,2,119,325,0,1,169,0,0.19581332553287845,1,0,2,1
59,1,0,153,330,0,1,127,1,1.2748428059416392,0,1,3,0
62,0,1,157,241,0,0,133,0,1.4262956665460806,2,0,2,1
64,1,0,108,156,0,1,125,1,4.111952857898354,2,2,2,0
61,1,0,148,203,0,1,161,0,0.0,2,1,3,0
48,1,0,132,262,1,0,160,0,0.7917768798332487,1,1,2,1
38,1,2,129,210,1,1,196,0,0.08535114336777416,2,0,2,1
49,1,0,120,179,0,0,172,0,0.6932844793075528,2,2,2,0
58,1,0,143,323,0,0,148,1,1.2349618297114597,1,3,3,0
58,0,0,100,248,0,0,122,0,1.0,1,0,2,1
60,1,0,130,206,0,0,132,1,2.4,1,2,3,0
47,1,1,119,241,0,0,182,0,0.5353836787536984,2,0,3,1
64,0,0,131,258,0,1,141,0,4.373507210458444,1,0,1,0
62,0,2,130,263,0,1,97,0,1.2,1,1,3,0
54,1,2,120,258,0,0,147,0,0.4,1,0,3,1
61,0,0,136,245,0,1,130,1,1.8168070488561323,1,1,2,0
64,0,0,130,303,0,1,122,0,2.0,1,2,2,1
58,1,0,146,236,1,0,168,1,0.0,1,0,3,0
50,0,0,127,262,1,0,151,0,1.4279513051940733,1,2,3,0
58,1,2,143,248,0,1,158,0,0.0,2,0,2,1
50,0,1,122,253,0,1,158,0,1.5409081942083382,2,0,2,1
67,1,0,169,229,1,1,164,1,1.9851283427905815,2,1,3,0
39,1,2,142,314,0,0,181,0,1.1218446001728157,2,0,2,1
44,1,2,136,200,0,0,171,0,0.6547648498351066,2,0,1,1
48,1,1,119,213,0,1,153,0,0.1010105888369427,1,1,2,1
64,1,0,121,289,0,0,133,1,1.6127946094702315,1,1,3,0
61,0,2,126,297,0,1,124,0,1.24017264608909,2,0,2,1
46,1,0,116,276,0,1,135,1,2.4086306729839917,1,3,3,0
65,0,0,134,269,0,0,149,1,1.461016521296258,1,1,3,0
59,1,3,139,219,0,1,132,0,1.4847088840052425,2,0,2,1
48,1,0,139,219,1,0,137,1,4.674954400750993,2,1,3,0
51,1,0,132,259,0,0,111,0,1.122206165040308,2,1,2,0
41,1,3,125,310,0,0,144,0,1.1976014439298028,2,2,2,1
48,1,1,123,260,0,0,170,0,0.440642334533228,2,1,2,0
54,1,1,119,198,0,1,167,0,0.0,2,0,1,1
63,0,0,158,235,0,0,128,1,2.0351826753205726,1,1,1,0
43,1,0,132,247,1,0,143,1,0.1,1,4,3,0
50,1,0,100,248,1,1,130,1,0.9475762680690953,1,1,3,0
65,1,0,112,362,0,1,143,0,0.8690377437817878,2,1,3,1
52,0,1,142,238,0,1,159,0,0.0,1,0,2,1
56,1,0,125,249,1,0,144,1,1.2,1,1,2,0
61,0,0,145,307,0,0,146,1,1.0,1,0,3,0
56,0,0,134,409,0,0,150,1,1.9,1,2,3,0
55,0,0,134,213,0,1,144,1,0.5812934046114675,2,0,3,0
64,0,0,122,231,0,1,108,1,4.559579925693128,2,2,2,0
55,0,2,123,268,0,1,136,0,0.6654546867618799,0,0,2,1
65,1,0,110,248,0,0,158,0,0.6,2,2,1,0
59,1,1,132,190,0,1,146,0,0.03786414642635294,2,4,2,1
49,0,0,115,303,0,1,171,0,0.9345876248511278,1,0,2,1
38,1,1,138,137,0,0,160,0,2.17471344683022,2,0,2,1
37,1,1,107,141,0,1,140,0,1.2659779679203726,1,0,3,1
35,1,0,115,186,0,1,171,0,0.10675813668444833,2,0,2,1
45,1,0,152,263,0,2,127,1,1.834302581782196,0,0,2,0
64,1,0,150,291,0,0,128,1,1.8639189968703742,1,3,3,0
52,0,3,141,258,0,0,172,0,1.2682627274854412,2,0,2,1
66,1,1,124,265,0,0,158,0,0.8623443986934405,1,0,2,1
54,1,2,102,321,0,1,148,0,3.5259280160333764,1,2,3,0
55,1,0,118,277,0,1,135,1,0.4433341980282324,2,0,3,0
57,0,2,132,274,0,1,170,0,0.0,2,0,1,1
44,1,1,115,175,0,1,168,0,0.0,1,1,2,1
61,0,3,138,309,0,1,137,0,0.791898886349917,2,0,2,1
57,1,0,125,297,0,0,91,1,0.80966248189182,1,1,3,0
63,1,0,149,260,1,1,165,1,3.0936549321648745,2,2,3,0
62,0,0,140,268,0,0,160,0,3.6,0,2,2,0
56,1,2,130,256,1,0,142,1,0.6,1,1,1,0
65,0,2,116,253,0,0,134,0,0.6925081591151259,2,0,2,1
55,0,0,131,232,0,1,193,0,2.2329579262063883,0,1,2,0
43,1,0,135,238,0,1,157,0,0.7180906649290415,1,0,3,1
57,1,1,154,232,0,0,164,0,0.0,2,1,2,0
57,1,0,116,232,0,1,138,1,0.0,1,0,3,0
69,1,3,144,226,0,0,136,0,1.5198838718875873,2,1,3,0
36,1,0,110,253,0,0,151,1,0.36738671313005256,1,2,1,0
60,1,0,152,265,0,0,105,0,1.9410821523023942,1,1,1,0
55,1,0,160,289,0,0,145,1,0.8,1,1,3,0
46,0,0,160,289,0,0,195,1,0.0,1,3,3,0
54,1,0,132,258,0,0,129,0,0.0,2,2,3,0
61,1,0,136,296,0,1,122,0,2.1572867720841336,0,3,2,0
58,0,3,150,283,1,0,162,0,1.0,2,0,2,1
64,0,1,127,257,0,0,168,0,0.0,2,0,2,1
60,0,3,150,240,0,1,171,0,0.9,2,0,2,1
54,0,1,137,221,0,0,92,0,3.2340970787606462,2,2,3,0
60,1,0,131,226,0,0,89,0,3.2586242302390245,1,0,3,0
51,1,2,110,175,0,1,123,0,0.6,2,0,2,1
53,0,0,130,264,0,0,143,0,0.4,1,0,2,1
52,1,0,102,239,1,1,137,0,0.25398039589560223,2,0,2,1
51,1,0,119,239,0,1,127,1,0.9588815940694831,1,4,3,0
60,1,1,134,178,0,1,124,1,2.424062748147648,1,1,1,0
48,1,2,138,264,0,0,158,0,1.1413479140588163,1,0,1,1
43,1,2,137,142,0,1,159,0,1.1645596590122023,2,0,2,1
55,1,2,137,201,0,0,157,0,0.0,2,0,3,1
50,1,0,118,303,0,0,154,1,3.599163886720959,2,0,3,0
59,1,3,134,204,0,1,162,0,0.8,2,2,2,0
57,1,0,100,199,0,1,134,0,0.6345439698604896,1,1,3,0
34,0,2,128,324,0,0,202,1,0.22797124751357667,1,0,2,1
69,1,0,172,199,0,1,124,1,1.8103595742075942,2,2,3,0
63,0,1,138,243,0,0,115,0,0.0,2,0,2,1
59,1,0,153,272,0,0,156,1,3.406922633754236,1,0,3,0
58,0,1,136,220,0,0,137,0,0.4358369007930275,2,0,2,1
56,1,0,136,274,1,0,122,0,1.3237174298474004,0,1,1,0
51,0,1,138,261,0,1,153,0,1.3989759645704742,1,0,2,1
53,1,2,130,197,1,0,152,0,1.2,0,0,2,1
32,1,2,121,216,0,0,186,0,0.7478050232298511,2,1,3,1
51,1,0,140,299,0,1,173,1,1.6,2,0,3,0
51,1,2,131,258,0,0,141,1,1.704470032173292,1,1,2,0
46,1,1,101,197,1,1,156,0,0.0,2,0,3,1
63,1,0,141,239,0,1,172,0,1.0005527651912534,1,1,2,0
62,1,0,151,347,0,0,139,1,0.9366069244711923,2,0,3,0
69,1,3,154,262,0,0,140,1,1.6858759246831356,1,1,3,0
62,1,2,155,253,0,0,156,0,0.9719490720820178,1,0,2,1
53,1,0,159,249,0,0,162,0,0.8796231586661784,1,3,3,0
65,1,1,152,325,0,1,183,0,0.8105485620655359,2,2,2,1
51,0,2,130,256,0,0,149,0,0.5,2,0,2,1
42,1,0,140,226,0,1,178,0,0.0,2,0,2,1
58,1,0,125,300,0,0,171,0,0.0,2,2,3,0
58,1,0,150,270,0,0,111,1,0.8,2,0,3,0
56,1,3,120,193,0,0,162,0,1.9,1,0,3,1
51,1,0,137,190,0,0,122,1,4.4920484638770315,1,3,3,0
48,1,0,130,256,1,0,150,1,0.0,2,2,3,0
65,1,2,161,229,0,0,134,0,0.9423241405541471,2,0,2,1
57,1,0,117,277,0,0,161,0,0.07818458543749784,2,0,3,1
62,0,0,140,394,0,0,157,0,1.2,1,0,2,1
43,1,0,150,247,0,1,171,0,1.5,2,0,2,1
49,1,0,140,299,0,0,137,1,4.601325458171745,2,1,3,0
41,1,0,117,198,0,0,190,1,1.1123878255193769,1,2,1,0
48,1,0,124,274,0,0,166,0,0.5,1,0,3,0
62,0,0,124,209,0,1,163,0,0.0,2,0,2,1
65,1,3,148,235,0,0,164,0,0.07589386639463824,2,0,2,1
38,0,3,148,126,0,1,193,0,2.240807139370618,2,0,3,1
59,1,0,143,229,0,0,138,1,3.4150778209664967,1,0,3,0
55,1,1,99,291,1,1,141,1,0.3471427986434712,2,0,2,1
57,1,0,144,376,0,1,158,1,3.9484594021608648,1,1,3,0
46,1,0,140,311,0,1,120,1,1.8,1,2,3,0
68,1,2,180,274,1,0,150,1,1.6,1,0,3,0
61,1,0,109,238,1,0,100,0,2.095489085243887,1,3,3,0
60,1,1,138,255,1,0,152,0,1.1758807352813934,2,0,3,1
46,1,0,111,210,0,1,122,1,0.9119034044503869,2,0,2,0
56,1,2,124,230,0,0,134,0,0.0,1,2,2,1
53,1,0,142,226,0,0,111,1,0.0,2,0,3,1
55,1,3,137,231,0,0,143,0,1.3273701977490457,2,0,2,1
72,1,0,130,148,0,1,101,0,2.2016326743729797,1,3,3,0
66,1,2,146,238,0,1,163,0,0.0,2,0,2,1
42,1,1,120,295,0,1,162,0,0.0,2,0,2,1
54,1,0,136,280,0,0,127,1,0.8048025125895815,2,1,1,0
49,1,2,118,149,0,0,126,0,0.8,2,3,2,0
53,0,1,125,234,0,1,161,0,0.5320921462348397,1,0,2,1
62,0,1,153,263,0,0,150,0,0.0,1,0,2,1
43,1,0,100,194,0,1,139,0,0.9392116440642627,2,3,0,0
58,1,2,126,186,0,0,138,0,1.698994569951362,1,0,2,1
62,0,2,163,227,0,0,137,0,1.5330053769338332,2,0,2,1
44,1,2,140,318,0,0,175,0,0.48622974040815325,2,0,2,1
58,1,1,124,200,0,0,115,1,4.335277167896184,2,2,3,0
43,1,0,109,208,0,0,150,1,1.5231120087935393,1,0,2,0
65,1,2,133,311,0,0,95,1,4.026035170611558,2,1,3,0
58,1,2,112,230,0,0,165,0,2.5,1,1,3,0
61,1,1,140,282,0,1,153,0,0.3123041062767725,2,0,2,1
54,1,0,140,239,0,1,160,0,1.2,2,0,2,1
57,0,0,130,300,0,0,162,0,0.6941008966950581,2,0,2,1
34,1,3,118,182,0,0,174,0,0.0,2,0,2,1
49,1,0,130,287,1,1,179,0,0.0,2,0,2,1
57,1,0,131,284,0,0,171,1,1.4847459187994239,2,3,3,0
70,1,1,156,245,0,0,143,0,0.0,2,0,2,1
59,1,2,127,198,1,1,124,1,0.5825528217989367,2,0,2,1
57,0,3,129,241,0,1,138,0,0.7081016271772166,0,0,2,1
40,1,0,152,223,0,1,181,0,0.0,2,0,3,0
46,1,2,150,231,0,1,147,0,3.6,1,0,2,0
45,0,0,126,231,0,0,183,0,0.29476026223717483,0,0,2,1
59,0,0,134,272,1,1,129,0,1.3410181010691034,2,1,2,1
46,1,0,143,242,0,1,116,1,3.142263035714614,1,3,3,0
56,1,0,133,203,0,2,166,0,0.49589626880434956,1,0,3,0
52,1,2,140,230,0,0,183,0,0.0,1,0,2,1
58,1,1,157,316,0,1,160,0,1.4541248444976085,2,0,2,1
52,1,0,125,212,0,1,168,0,1.0,2,2,3,0
41,1,2,119,241,0,0,174,0,0.35637087375631415,2,0,2,1
71,0,0,128,251,0,0,93,0,2.6521838604630372,1,1,3,0
35,1,0,114,211,0,0,104,1,0.6430228210748196,1,0,1,0
62,0,0,131,217,0,0,131,1,1.4655817050093285,0,0,3,1
45,0,0,138,236,0,0,152,1,0.2,1,0,2,1
42,0,2,118,317,0,1,191,0,0.5290253000820979,2,0,2,1
63,1,0,131,306,0,0,136,0,3.2676000173314934,2,1,3,0
52,1,2,135,147,1,0,171,0,1.7854073400450448,2,0,2,1
37,1,0,102,203,0,0,175,0,0.0,2,1,2,0
53,1,0,142,216,0,0,148,1,0.0,1,2,2,0
59,0,2,151,232,0,1,165,0,1.9082067659488384,1,0,2,1
39,0,0,116,216,0,0,176,0,1.738164754892984,2,0,2,1
48,0,3,123,287,0,1,159,0,0.8660335817513583,2,1,2,1
35,1,0,121,313,1,1,178,0,0.5586408022025457,2,1,2,1
49,1,0,130,238,0,0,137,1,0.7925814015856273,1,0,3,0
62,1,2,122,247,0,1,138,0,0.42593200367849515,1,0,2,1
56,0,0,144,196,0,0,161,0,0.6933491174208096,2,0,2,1
44,1,2,146,192,0,0,194,0,0.18426193713463995,2,0,2,1
65,0,2,140,417,1,0,157,0,0.8,2,1,2,1
55,1,0,129,312,0,0,152,0,4.672530724716216,1,3,2,0
51,1,2,121,180,0,0,137,0,2.6123478330373056,1,0,2,1
66,1,0,132,216,0,1,157,0,1.9696986541082833,1,0,2,0
37,0,2,120,215,0,1,170,0,0.0,2,0,2,1
51,1,0,120,164,0,0,172,0,0.9826921763700824,1,0,2,0
55,0,3,110,248,1,1,173,0,1.9420196873958062,2,1,2,1
54,1,2,125,273,0,0,152,0,0.5,0,1,2,1
64,1,3,110,211,0,0,144,1,1.8,1,0,2,1
62,1,0,148,216,0,0,173,1,1.4247218891231477,1,3,3,0
59,1,0,132,301,0,1,140,0,0.5068102386656861,1,1,2,0
52,0,2,118,223,0,0,163,0,0.0,2,0,2,1
48,1,2,117,241,0,0,113,1,1.8207542176574445,1,1,2,0
66,1,2,135,250,0,0,171,0,0.9163932427231478,1,0,2,1
49,0,1,128,245,0,1,153,0,0.128124699553191,2,1,2,1
58,0,2,131,194,0,1,153,1,0.19542446949068276,1,0,2,1
46,0,2,134,235,0,0,181,1,1.2344861738949229,2,0,2,1
54,1,0,122,286,0,0,116,1,3.2,1,2,2,0
70,1,3,150,226,0,0,145,1,3.041529514881404,2,2,3,0
62,1,1,141,211,0,1,117,0,3.3071131103874087,2,3,2,0
65,0,0,150,225,0,0,114,0,1.0,1,3,3,0
58,1,0,124,254,0,1,129,1,0.0,1,1,3,0
39,1,0,110,248,1,1,174,0,0.7407663578894857,1,3,2,0
53,0,0,151,374,0,0,127,1,1.8454352129694451,2,0,3,0
48,1,2,133,309,0,0,134,1,2.031060460839692,1,3,3,0
61,0,0,165,318,0,1,144,1,0.15163249820796876,2,0,2,1
33,1,0,121,202,0,1,184,1,0.0,2,0,2,1
47,1,0,139,230,0,0,143,0,0.1554606357049948,1,0,1,0
57,1,1,137,192,0,1,145,0,1.0304024587165985,1,3,2,1
57,0,2,144,245,0,1,175,0,0.3748313119599059,2,0,2,1
53,1,1,94,207,0,1,119,1,0.0,2,0,3,1
59,1,1,100,296,0,1,140,1,0.0,1,1,3,0
52,1,3,147,263,1,1,180,1,1.8751128509690673,1,3,1,0
53,1,0,126,176,0,0,105,0,2.6780087362135623,1,0,3,0
49,0,2,146,215,0,0,172,0,2.119771427514435,2,1,2,1
61,1,1,169,334,0,1,121,1,1.7709674991323925,1,1,1,0
55,1,0,115,179,0,1,101,1,0.0,1,0,3,0
61,1,0,127,205,0,0,116,1,0.6449414825174277,2,0,2,0
56,1,2,132,281,0,0,161,0,1.2673930148566774,2,0,2,1
52,1,0,153,269,0,1,165,0,1.8974675376478642,1,0,3,0
49,0,2,127,172,0,0,171,0,0.41378327009377613,1,0,2,1
51,1,2,118,277,1,1,168,0,0.36324345211620956,1,0,3,1
55,1,0,123,223,0,0,180,1,0.0,2,2,3,0
64,0,0,141,306,0,0,147,1,1.0325497830338644,1,2,3,0
55,1,0,149,234,0,0,172,0,1.2856721323425147,1,1,3,0
60,1,0,160,228,0,0,114,1,2.1544681603217803,1,0,1,0
51,0,0,135,182,0,0,168,0,0.0,2,0,2,1
55,1,0,122,229,0,1,143,0,0.9524458166514589,2,0,2,0
47,1,0,123,228,0,1,138,0,2.4878116902905294,1,0,3,0
65,1,0,146,184,0,0,109,0,0.7031559751077294,1,1,3,0
54,1,0,115,303,0,1,122,0,2.1656896675618698,1,1,3,0
57,0,1,149,312,0,1,157,0,1.8834745679484572,1,3,1,0
63,1,1,112,217,0,1,133,1,0.3367297497306667,2,0,2,0
57,0,2,148,164,0,1,141,0,1.7224394019890754,2,0,3,1
52,1,2,152,278,0,1,165,0,0.10903265197730538,2,0,2,1
54,0,1,148,193,0,1,164,0,0.0,2,0,3,1
52,1,0,136,211,0,1,160,0,0.0,2,0,2,1
39,1,3,113,293,0,0,174,0,0.6166977704681479,2,1,2,1
35,0,0,114,231,0,0,197,0,0.96256849365791,1,0,2,1
70,1,2,126,284,0,1,149,0,0.5506225600197043,2,0,2,1
68,0,2,136,251,0,1,130,0,1.2423377757189993,2,0,2,1
55,0,2,115,247,0,0,186,0,0.0,1,0,1,1
57,1,0,141,159,0,0,133,1,3.4023268411813987,1,1,3,0
54,0,2,108,267,0,0,167,0,0.0,2,0,2,1
64,0,2,145,326,0,1,149,0,0.9848640967405762,2,3,2,1
57,1,0,120,302,1,1,142,0,0.2810641775480458,1,2,1,0
61,0,0,171,287,0,1,177,0,0.0,2,0,2,1
61,1,0,120,302,0,0,169,0,1.6560453257425825,1,3,3,0
47,0,2,146,217,0,0,169,1,0.0,1,0,3,1
67,1,0,100,299,0,0,125,1,0.9,1,2,2,0
56,1,0,132,184,0,0,105,1,2.1,1,1,1,0
40,1,0,159,230,0,0,144,1,0.0,1,2,3,0
70,1,0,141,332,0,1,114,1,2.3938698139014676,1,0,3,0
58,0,0,121,278,1,0,131,0,0.0,1,0,2,1
60,1,0,100,263,1,0,125,1,3.029362455838492,0,0,3,0
44,1,1,117,217,0,1,169,0,0.0,2,0,2,1
54,1,0,169,184,0,0,142,1,4.042617583045974,1,2,3,0
46,1,2,159,363,1,1,190,0,0.4985566029248761,2,0,2,1
48,1,0,112,199,0,1,138,0,2.217093456376907,1,3,3,0
59,1,0,122,148,0,1,176,1,1.9308926211725443,1,2,2,0
59,1,0,131,250,1,0,142,1,2.414876374549498,1,2,3,0
49,1,0,128,293,0,0,126,1,3.144335138934868,2,0,3,0
58,1,1,137,236,0,1,149,1,3.643974849798283,2,2,3,0
56,1,2,134,193,0,1,147,0,1.0314232274295714,1,1,2,1
62,0,2,141,270,0,1,146,1,4.11659492172662,1,1,3,0
61,0,0,164,218,0,0,142,0,0.7739496995847797,0,0,2,1
29,0,2,128,126,0,1,198,1,0.9149114054355256,2,1,2,1
65,0,2,133,328,0,1,131,0,1.1349648930124383,1,0,2,1
43,1,0,132,385,0,0,157,0,1.8063686709403894,1,0,3,0
60,1,0,125,258,0,0,141,1,2.8,1,1,3,0
66,1,0,130,309,0,1,173,0,1.0824448681899175,1,1,2,0
65,0,2,160,360,0,0,151,0,0.8,2,0,2,1
62,1,0,153,291,0,1,130,1,2.114275223560991,1,1,3,0
52,1,3,118,186,0,0,190,0,0.0,1,0,1,1
57,1,3,133,267,0,0,131,0,0.03684647066043234,2,1,2,1
58,1,3,141,293,1,1,165,0,0.0,1,1,2,1
60,0,0,119,268,0,1,120,0,3.240571515717699,0,1,3,0
47,1,3,117,202,0,0,124,0,0.5071801581574572,1,0,2,1
51,0,2,136,239,0,1,158,0,0.28243094267388996,2,0,2,1
65,1,0,131,282,0,1,138,0,1.8539528003533507,2,2,3,0
43,1,0,100,229,0,1,144,1,2.2859551282556936,1,1,2,0
37,1,0,110,170,0,1,164,1,0.0,2,1,2,1
61,0,2,151,241,0,1,130,0,0.6465528276679489,2,0,2,1
56,1,0,154,307,0,1,175,0,1.3193588936860896,0,0,3,0
58,1,0,113,222,1,1,119,1,1.396627184719121,1,0,3,0
46,1,3,131,223,0,1,150,0,0.40309887242618747,2,0,2,1
55,0,0,180,327,0,2,117,1,3.4,1,0,2,0
42,0,3,132,268,0,1,172,0,0.8506712580232788,2,0,2,1
45,0,0,113,257,0,0,156,0,0.0802234083287725,2,0,3,1
50,1,3,139,274,0,1,165,0,0.7643460693108708,1,0,2,1
50,1,0,121,165,0,0,99,0,2.8549821400394273,1,2,1,0
44,0,2,118,242,0,1,149,0,0.3,1,1,2,1
46,1,3,117,284,1,0,202,0,0.8102718845655396,2,0,2,1
56,0,0,130,200,0,1,174,0,0.06556292047333345,2,1,3,1
58,0,1,138,243,0,0,153,0,1.4859986687177655,1,0,2,1
49,1,2,112,294,0,0,165,0,1.034619502155073,2,0,2,1
52,1,0,134,320,0,0,124,0,3.8641119186626267,2,1,3,0
58,1,0,125,306,0,0,106,0,2.190812726699946,1,1,2,0
65,1,2,120,245,1,1,119,1,3.5798660606411907,2,1,3,0
63,1,0,160,240,0,1,151,1,0.3971346015584334,1,1,3,0
50,1,2,142,230,0,0,151,1,1.6567638252733854,2,1,3,0
52,1,2,119,349,0,0,187,0,0.43893600754605333,1,1,2,0
48,1,0,172,243,0,0,152,1,3.7109173021082746,0,2,3,0
55,1,0,138,317,1,0,127,1,0.8453451374982425,2,1,2,0
53,1,2,130,246,1,0,173,0,0.0,2,3,2,1
56,1,2,134,259,1,0,177,0,0.0,1,0,3,0
46,1,1,112,208,0,0,170,0,1.429841756731053,2,0,2,1
55,1,0,140,176,0,0,118,1,0.9314353458025689,1,0,2,1
46,1,0,111,260,0,1,126,0,0.0,1,3,3,0
61,1,0,137,200,0,0,176,1,0.5286707666251668,2,0,2,1
33,1,1,153,252,0,1,199,0,0.7786534821800758,2,0,3,1
51,1,0,131,231,1,1,172,0,0.23774513090218902,2,0,3,1
50,1,0,128,281,0,0,150,1,0.0,1,3,3,0
51,0,2,116,211,0,1,190,0,0.0,2,2,3,1
56,0,0,138,340,0,0,133,0,0.14440308244293565,1,1,3,0
52,1,2,138,223,0,1,169,0,0.0,2,4,2,1
50,1,3,135,254,0,1,171,0,1.6917243884054112,2,0,2,1
64,1,0,124,175,1,1,165,0,1.4833938927634724,0,2,3,0
56,0,1,123,225,0,1,163,0,0.5431850018281954,1,0,3,1
66,1,0,145,248,1,1,138,0,2.6250835257841456,2,0,3,1
56,1,0,144,201,0,1,127,1,2.23410705372208,0,1,3,0
67,0,0,160,299,1,1,122,1,2.013163137342409,1,0,3,0
54,1,0,100,211,0,0,119,0,2.4928803594029567,1,1,3,0
57,1,2,118,178,1,0,149,1,1.3345164090467996,2,4,2,1
46,1,1,118,204,0,0,168,0,0.801206221071668,2,0,2,1
38,1,0,149,207,0,1,192,1,0.0,1,0,2,1
61,1,2,122,278,0,0,148,0,2.2544764880461394,2,1,3,0
47,1,0,125,261,0,1,144,0,1.5013748412226513,2,2,2,1
60,0,2,133,230,1,0,149,0,0.0,0,2,3,0
67,0,3,146,305,1,1,147,1,3.6307689467415267,2,1,2,0
58,1,0,157,265,1,0,154,1,1.0383227838425186,1,0,1,0
62,0,0,183,277,1,1,144,1,3.416114646213374,1,2,3,0
41,1,2,130,214,0,0,168,0,2.0,1,0,2,1
44,1,1,120,220,0,1,170,0,0.0,2,0,2,1
39,0,2,120,177,0,1,180,1,0.2432565870597328,1,0,2,1
58,0,1,123,241,0,0,137,0,1.4956928737546356,1,2,1,0
54,1,0,149,261,0,0,153,1,0.787412716386812,1,1,2,0
62,0,0,150,244,0,1,154,1,1.4,1,0,2,0
45,1,0,115,199,0,1,170,1,0.8156856055837164,1,2,3,0
51,0,1,135,261,0,0,176,0,1.1160221086400215,2,0,2,1
52,1,1,111,238,0,1,163,1,0.09076382167343822,1,0,2,1
63,0,1,153,271,0,0,150,1,0.4641875708847369,1,1,3,1
46,1,0,140,221,0,0,176,1,1.6876962864194152,2,3,3,0
42,1,0,136,315,0,1,125,1,1.8,1,0,1,0
50,1,2,127,181,0,1,162,0,0.0,2,0,3,1
55,1,2,115,279,1,2,158,0,2.7003292980326057,2,2,2,0
55,1,0,103,257,0,1,135,0,1.2761198605451385,2,0,2,1
51,1,0,119,251,0,0,139,0,1.6691610500987535,2,0,1,1
50,0,0,110,254,0,0,159,0,0.0,2,0,2,1
64,1,0,128,263,0,1,105,1,0.2,1,1,3,1
44,1,1,130,268,0,0,171,0,0.0,2,0,3,1
42,1,0,117,158,0,0,134,0,0.0,1,3,2,0
64,1,3,135,271,0,0,144,0,1.454314278559816,0,1,2,1
47,1,2,130,311,0,0,175,0,0.0,2,1,3,1
60,1,0,119,303,0,1,134,1,0.5998216789343914,0,1,1,0
57,1,2,135,266,0,1,136,0,1.6561870213935315,2,0,2,1
67,1,0,131,261,0,0,132,0,0.0,0,1,3,0
43,1,0,110,211,0,1,161,0,0.0,2,0,3,1
44,0,0,158,235,0,0,137,0,1.8946263885880237,1,3,3,0
65,1,0,143,216,0,1,126,1,2.6882541779983224,2,2,3,0
51,1,0,161,332,0,0,165,0,0.895336793547222,1,1,3,0
48,1,0,131,165,0,1,159,0,0.25942706398003645,2,1,2,0
59,0,1,117,157,1,0,130,0,0.0027531830403992874,0,0,1,1
52,1,1,144,276,1,1,193,0,1.0769389280587427,2,0,2,1
62,1,0,145,229,0,0,139,1,1.2823225881681983,1,2,3,0
61,1,0,156,246,0,1,136,1,2.264096579569859,1,3,3,0
51,1,0,189,179,0,1,175,1,1.9191420882686134,1,3,3,0
61,0,0,134,218,0,0,122,1,3.666606133735733,1,2,3,0
45,1,0,120,260,0,1,174,0,0.9780326737311664,1,0,2,1
48,1,2,139,212,0,0,109,1,2.51703584095903,2,0,3,0
57,1,0,152,274,0,1,88,1,1.2,1,1,3,0
49,1,0,156,360,1,0,147,1,2.989247858673079,1,1,1,0
52,0,1,163,223,0,0,164,0,1.9188136801428795,1,0,2,1
63,1,0,136,318,0,1,110,1,4.213695527917174,2,0,3,0
42,1,0,126,309,0,1,135,1,1.3106113081452089,1,0,3,0
43,1,1,119,126,0,1,144,0,1.4760013326640453,2,0,2,1
54,1,1,108,309,0,1,156,0,0.0,2,0,3,1
48,1,0,141,189,0,0,175,0,3.673704225099043,1,2,2,0
62,0,0,136,291,0,1,144,0,1.0868215001024741,2,2,3,1
50,0,2,104,225,0,1,160,1,0.0,2,0,2,1
35,1,0,127,233,0,0,157,1,1.3903212784171113,1,1,2,0
53,1,2,114,213,0,0,147,1,1.3045233420184426,1,1,3,0
46,1,0,131,251,1,1,171,0,0.07973272667025122,2,2,2,1
48,0,0,107,322,0,0,177,0,0.09026620361893639,2,0,2,1
43,0,0,132,341,1,0,136,1,3.0,1,0,3,0
67,1,3,107,268,0,1,88,1,4.111671625127878,2,1,3,0
66,1,0,112,212,0,0,132,1,0.1,2,1,2,0
58,1,0,134,271,0,1,146,0,0.6640727961180777,1,0,2,0
44,0,2,111,220,1,1,167,0,0.08840840966035585,2,0,2,1
44,0,3,155,338,0,1,185,0,1.796053092750658,1,0,3,1
55,0,2,139,236,0,1,130,1,2.509244482671998,1,1,3,0
50,1,1,121,180,0,1,156,0,0.22788274978197026,2,0,2,1
57,0,3,121,199,0,1,121,0,0.0,1,4,3,1
67,0,2,146,325,0,0,147,1,1.7526699625862054,1,1,3,0
57,1,0,114,267,0,1,145,1,1.08220728671982,1,3,1,0
64,1,3,170,227,0,0,155,0,0.6,1,0,3,1
42,1,0,126,265,0,0,146,1,1.636875420843106,1,1,3,0
43,1,2,123,267,0,0,156,0,0.7042082048149326,2,0,1,1
67,1,0,120,229,0,0,129,1,2.6,1,2,3,0
57,0,0,168,228,0,0,158,0,0.7182036719761759,1,0,3,0
38,0,1,156,241,0,0,167,1,1.7042976822667746,2,0,2,1
64,1,2,140,291,0,1,195,1,0.7919863869906882,1,1,1,0
58,1,0,160,306,0,0,112,0,2.546202502998006,1,0,3,0
58,0,0,142,239,0,0,148,0,0.12118829469244236,1,0,2,1
60,1,0,154,247,0,1,145,1,2.850076590495874,0,2,3,0
51,1,0,108,267,0,1,137,0,2.448457255534166,1,2,3,0
46,1,1,122,218,0,0,169,0,0.0,0,1,1,1
63,1,2,158,223,0,0,149,1,0.0,1,0,1,0
39,1,2,104,217,1,1,179,0,0.3991944299122382,2,0,2,1
29,0,1,101,147,0,0,147,1,0.0,1,3,2,1
60,0,0,153,315,0,1,167,0,1.3857155633277705,1,0,2,1
41,1,3,122,242,0,1,192,0,1.3721048734404764,2,0,2,1
59,1,0,100,257,1,1,141,0,1.7065520961124494,2,1,2,0
63,0,2,135,252,0,0,172,0,0.0,2,0,2,1
60,1,0,152,179,0,1,105,0,0.9690312235518176,2,2,2,0
65,1,2,141,198,0,0,149,0,0.0,2,0,2,1
57,1,1,115,296,0,1,143,0,0.0,1,0,1,1
45,1,2,122,217,0,1,166,0,0.0,0,0,2,1
47,1,0,140,273,1,0,159,1,1.5314048489081535,1,0,1,0
58,0,0,135,266,0,0,79,1,3.197652070981092,1,1,3,0
55,1,0,146,279,1,0,121,0,2.6617479977167027,1,1,3,0
57,1,0,150,276,0,0,112,1,0.6,1,1,1,0
60,1,0,133,352,0,1,168,0,2.7052522415842466,2,2,3,0
54,0,1,127,147,0,0,131,1,1.0400066460790942,2,0,2,1
47,0,2,136,280,0,0,155,0,0.576992892683901,1,0,2,1
50,0,2,161,234,0,0,154,1,1.5425115501015345,1,3,3,0
54,1,2,144,244,0,1,155,1,0.8057754755798608,0,0,2,1
62,1,1,120,281,0,0,103,0,1.4,1,1,3,0
43,1,0,128,176,0,0,179,0,3.634777818249356,1,1,3,0
50,1,0,156,281,0,1,124,1,3.8986243484827017,2,2,3,0
66,1,2,173,223,0,1,121,0,1.4926366271406843,1,0,3,0
56,1,0,136,236,1,1,156,0,1.2441184846630107,2,0,3,1
46,1,1,135,177,0,1,177,0,0.084739196268243,2,0,2,1
63,1,2,146,223,0,0,72,1,2.517853959840301,1,0,3,0
69,0,1,151,179,0,0,166,0,1.1140203863381823,2,2,2,1
49,1,0,137,256,0,0,137,0,0.6623791400317018,2,2,1,0
69,1,3,160,234,1,0,131,0,0.1,1,1,2,1
71,0,2,129,354,0,1,155,0,0.43488617621612313,2,1,2,0
48,1,2,128,195,0,0,155,0,0.0,2,0,0,1
37,1,1,130,348,0,0,155,0,0.0,2,0,2,1
56,1,2,151,269,0,1,137,1,0.0,2,1,3,0
62,0,0,170,226,0,1,124,0,1.6684197454937428,2,2,3,0
60,1,0,118,241,0,0,139,1,2.661095232470553,1,0,3,0
65,0,2,154,294,0,0,146,0,1.4325582283653908,2,0,2,1
59,0,1,146,241,1,1,152,0,0.2215546224881491,2,0,3,1
64,0,0,116,197,0,0,127,0,1.5829803987810829,2,0,2,1
54,1,1,148,271,0,1,142,0,0.20529929202207026,1,0,2,1
71,1,2,145,326,0,0,129,1,1.784160020801859,1,0,3,0
53,1,0,149,317,0,0,99,1,0.0,0,1,3,0
35,1,0,109,277,0,0,163,1,1.576566237561439,1,0,3,0
64,1,0,135,262,0,0,159,1,0.9232554950838694,1,1,3,0
62,1,2,126,211,0,0,132,0,2.0926016098416893,1,0,3,0
60,0,0,145,281,0,0,149,0,0.8711541254403486,2,1,3,0
52,1,0,160,264,0,0,143,0,3.14011365829358,1,1,3,0
44,1,0,142,178,0,1,166,0,1.1883732608934168,1,0,2,1
60,1,2,136,320,0,0,156,0,0.8281495448076757,1,0,2,1
69,0,1,115,153,0,1,119,0,1.54304647783907,2,0,2,1
61,1,0,128,342,0,0,162,0,1.2801303070251464,1,0,3,0
56,1,0,104,165,0,0,168,0,0.39947275712095776,2,0,3,0
61,1,3,134,234,0,1,145,0,2.6,1,2,2,0
52,1,2,178,328,1,0,152,1,1.9496670343256333,1,0,2,0
62,0,2,124,218,0,1,178,1,0.0,2,0,3,1
59,1,0,144,200,0,0,170,1,1.8219422028711594,1,0,3,0
48,1,0,114,163,0,0,131,1,0.12237985160380216,1,1,2,0
40,1,0,110,167,0,0,114,1,2.0,1,0,3,0
55,0,0,122,249,0,0,177,1,0.07929027338844308,1,2,2,0
61,0,2,151,301,0,1,167,0,0.8053420414782657,2,0,2,1
63,0,0,125,253,0,1,117,0,2.5107809342014855,1,0,2,0
60,1,0,129,259,0,0,121,1,1.0741365986666978,0,3,3,0
44,1,0,112,290,0,0,153,0,0.0,2,1,2,0
55,1,0,133,292,0,0,189,1,1.6336868490063896,2,2,2,0
58,0,3,143,338,0,1,133,1,1.1747891764808356,1,0,3,0
47,1,0,129,344,0,0,155,0,0.4391635188472378,1,3,3,0
45,1,0,135,265,0,0,158,0,1.200674104089134,1,0,3,0
60,1,0,117,230,1,1,160,1,1.4,2,2,3,0
33,1,0,126,220,0,0,170,1,0.06782695224383062,2,0,2,1
42,0,2,151,160,0,0,172,0,0.8585972027610349,2,0,2,1
53,1,2,123,309,0,1,138,0,0.9294651495332589,2,0,3,0
48,1,0,100,285,0,0,149,1,1.0296336133417463,1,0,3,0
44,1,0,138,238,0,0,130,1,2.1428960972651763,0,1,2,0
53,1,2,152,238,0,0,176,0,0.4695326436441607,1,0,1,1
29,0,2,118,154,0,1,194,0,0.0,2,0,2,1
62,0,0,138,294,1,1,106,0,1.9,1,3,2,0
61,1,3,137,319,0,0,148,1,0.8226405934759278,1,0,2,0
54,1,1,118,257,0,0,145,0,0.7248769809970417,1,0,2,1
58,0,0,130,197,0,1,131,0,0.6,1,0,2,1
33,0,3,119,219,0,0,179,0,0.2511680262761896,1,0,2,1
47,1,3,144,188,0,1,169,0,0.22227614904680476,1,0,2,1
46,1,0,167,220,0,0,109,1,4.2791101840254075,0,2,3,0
57,1,0,132,193,0,1,123,0,1.154898217336624,2,0,3,0
43,0,0,136,192,0,0,158,1,1.0495613066613265,1,1,2,0
55,1,1,111,350,0,0,149,0,0.8748304649129277,1,2,3,0
33,1,2,135,199,0,1,170,0,0.0,2,0,2,1
44,1,0,142,274,0,1,128,1,0.0,1,2,3,0
58,1,0,132,303,0,1,147,0,0.6324540169312015,2,0,2,1
46,0,2,101,228,0,1,168,0,0.0,2,0,2,1
59,1,0,126,206,1,0,119,0,3.0232410096046554,2,2,3,0
57,1,0,165,289,1,0,124,0,1.0,1,3,3,0
59,1,0,127,329,0,0,172,1,0.0,1,1,3,0
40,0,2,155,323,1,0,180,0,0.144405077566514,0,0,0,1
49,1,1,137,251,0,0,152,0,2.898480656468301,1,2,3,0
49,1,2,120,188,0,1,139,0,2.0,1,3,3,0
55,0,2,117,259,0,1,186,0,1.417646085659617,1,4,2,1
51,1,0,127,131,1,1,154,0,1.403273828075255,1,2,3,0
60,1,0,149,208,1,1,114,1,2.756965375216365,2,0,3,0
54,0,2,124,231,0,0,149,0,0.7521890268835502,0,0,2,1
49,1,0,143,282,0,1,144,0,2.8415560793433343,2,2,2,0
47,1,3,108,250,0,0,144,0,0.6484636046295228,0,0,2,1
56,1,3,113,254,1,0,154,1,1.433628828456093,1,3,3,0
64,1,0,158,169,0,0,132,1,1.8131277413813773,0,0,2,0
70,1,0,147,182,0,1,135,0,3.532749907657318,2,0,1,0
69,0,0,117,323,0,1,127,0,2.761277233548019,1,1,2,0
63,1,0,101,209,1,1,153,1,2.953688568827977,2,2,0,0
51,1,0,121,247,0,0,160,1,0.6860639211609374,1,1,3,0
60,1,2,140,185,0,0,155,0,3.0,1,0,2,0
57,1,0,140,163,0,0,188,0,0.0,1,1,3,0
59,1,0,138,271,0,0,182,0,0.0,2,0,2,1
73,1,0,131,346,0,0,123,1,2.5298665688544766,0,1,2,0
47,1,2,154,302,0,0,183,0,0.7932985982225453,2,0,2,1
54,1,1,150,292,0,0,172,1,0.6730882120866452,2,0,1,0
68,1,1,108,339,0,0,140,0,1.0616907938972875,2,0,3,1
62,0,1,141,341,0,0,105,0,0.9082691220226985,1,2,2,0
60,1,0,137,341,0,0,159,1,0.26966971619860836,1,1,3,0
51,1,0,135,266,0,1,101,1,0.6070146074978204,2,1,3,0
54,1,0,163,335,0,0,126,0,1.3262392019946774,1,0,2,0
60,0,1,143,234,0,0,144,0,0.0,2,0,2,1
59,1,0,117,322,1,0,104,1,0.701594114200023,1,2,3,0
43,0,1,120,187,0,1,156,0,0.30126738278013543,2,0,2,1
35,1,0,126,282,0,0,156,1,0.0,2,0,3,0
53,0,2,133,246,0,1,157,0,0.5296925308782389,1,0,2,1
57,1,0,172,304,0,0,121,1,4.1705886532795216,1,0,3,0
45,1,0,111,211,0,0,172,1,2.2060301687599693,1,2,3,0
48,0,2,106,214,1,0,149,0,0.24878634305795078,2,0,2,1
62,1,2,149,276,0,1,117,1,1.2900696731645398,1,0,3,0
67,1,0,160,286,0,0,108,1,1.5,1,3,2,0
45,0,0,120,305,0,1,177,1,2.314440363745242,1,0,3,0
47,1,0,123,274,0,1,143,1,2.1248346664811395,1,2,3,0
46,1,2,129,210,0,0,169,0,1.213475115535865,2,0,2,1
48,1,2,111,131,1,1,141,1,2.8330933217400833,2,2,2,0
56,1,1,125,279,0,1,122,0,1.095179233304612,1,3,3,0
55,1,1,129,253,0,1,143,0,2.1740206758309424,1,2,3,1
54,1,2,130,268,1,1,125,1,1.8988523787660188,1,2,3,0
37,1,0,142,209,0,0,164,0,0.0,1,0,2,1
50,0,1,120,244,0,1,162,0,1.1,2,0,2,1
40,1,3,140,199,0,1,178,1,1.4,2,0,3,1
63,0,0,151,205,1,1,138,0,1.6349407548649761,1,0,2,1
50,1,0,108,258,0,1,160,0,0.7689088192761252,1,0,3,1
42,1,3,138,292,0,1,157,0,0.5798428647135703,2,0,2,1
62,1,0,157,214,0,0,96,0,1.840538156152386,1,0,1,0
58,1,0,138,330,0,0,123,1,4.257926828970156,2,3,3,0
43,1,2,122,126,0,0,169,0,0.05619916632306088,1,0,2,1
71,0,2,110,265,1,0,130,0,0.0,2,1,2,1
49,1,0,120,233,0,1,191,0,0.7066004733173916,2,1,3,0
54,1,0,134,276,0,1,111,1,0.0,1,1,3,0
45,1,2,151,282,0,1,167,1,0.9826987262351737,0,1,2,1
52,1,2,105,174,1,0,135,0,0.0,0,1,2,1
47,1,0,127,191,0,0,150,1,0.8816220738979476,1,1,3,0
39,0,2,138,220,0,1,152,0,0.0,1,0,2,1
54,1,0,120,188,0,1,113,0,1.4,1,1,3,0
54,0,0,150,244,1,0,124,1,1.327499321069496,2,0,2,0
47,1,2,129,203,0,0,157,0,0.7636536650029282,2,0,2,1
52,1,2,151,234,0,1,167,0,0.40849461593000735,1,0,2,1
55,1,3,148,288,0,0,160,0,0.0,2,0,3,1
41,1,0,102,138,0,0,184,0,0.0,2,0,2,1
69,1,2,127,277,0,0,105,0,3.0896624117465334,2,1,3,0
42,1,0,114,236,0,0,178,0,1.4098915964558236,1,1,2,1
49,0,0,143,270,0,0,167,1,0.858212759313653,1,1,3,0
49,1,0,110,262,0,0,120,1,1.4985586442993521,1,1,3,0
60,0,2,102,318,0,1,160,0,0.0,2,1,2,1
49,1,0,150,286,0,0,162,0,0.6424037837661432,1,0,2,1
48,1,2,108,246,0,1,176,0,2.0155365461242485,1,0,3,1
54,1,0,124,266,0,0,109,1,2.2,1,1,3,0
47,0,1,113,238,1,1,145,0,0.7032027341024317,2,0,2,1
51,1,2,161,275,0,0,151,1,1.1447082176758379,2,0,3,0
44,1,2,150,245,0,0,142,0,0.4758267921057659,2,0,2,1
62,1,0,149,309,0,1,148,0,1.3791075491530864,1,1,3,0
32,0,1,101,296,1,1,196,0,0.0,2,0,2,1
61,0,2,110,322,0,0,139,1,1.4808186945653359,0,2,3,0
47,0,0,136,278,0,0,153,0,1.8964953488269969,0,1,3,1
66,1,0,120,316,1,0,125,1,1.1755089395820177,1,1,3,0
50,1,1,110,190,0,1,149,0,0.9453184244763138,0,0,2,1
53,1,2,120,192,0,0,124,0,0.0,1,0,2,1
50,1,2,127,177,0,0,129,0,1.2666693352840124,1,2,3,0
43,0,0,145,126,0,1,178,1,0.0524240286921448,2,0,2,1
63,0,1,140,195,0,1,179,0,0.0,2,2,2,1
49,1,0,160,214,0,0,133,1,2.7086543338527798,1,0,3,0
41,1,2,122,244,1,1,160,0,0.03270095755174407,1,2,3,1
65,0,2,155,269,0,1,148,0,0.8,2,0,2,1
58,0,1,136,319,1,0,152,0,0.0,2,2,2,0
54,1,2,154,391,0,0,157,0,1.1945210357847382,2,0,2,1
69,1,0,169,288,0,0,116,0,3.8299136822970867,1,2,2,0
49,0,0,157,240,0,1,190,0,2.454758233946151,2,0,2,1
56,0,0,151,280,0,1,172,0,1.2158027398063735,1,0,2,1
57,1,0,110,201,0,1,126,1,1.5,1,0,1,1
57,1,2,128,229,0,0,150,0,0.4,1,1,3,0
51,0,0,115,216,0,0,138,0,2.271696645620448,2,1,2,0
56,1,0,176,255,0,1,195,0,0.9154674521669398,1,0,3,0
52,1,2,159,297,0,1,153,0,2.188130973528705,1,0,2,1
60,1,0,114,240,0,0,174,1,0.7622195115316943,1,3,3,0
72,0,2,147,270,0,0,163,0,1.761195246025828,2,0,2,1
45,0,1,112,257,0,1,156,1,0.0,2,0,2,1
68,1,0,132,298,0,0,84,0,4.75682587925415,2,0,3,0
60,0,0,136,241,0,1,148,0,1.4075073542678114,1,0,3,1
59,1,0,135,192,0,0,127,1,1.4521608743983458,1,2,3,0
50,1,2,140,243,0,0,177,0,0.0,1,0,2,1
52,1,2,153,280,0,0,196,0,1.5700370590874806,2,0,2,1
66,1,2,149,147,0,1,103,0,1.2990650834425914,1,1,3,0
41,1,0,124,203,0,1,178,0,0.0,1,4,3,1
43,0,3,125,157,0,1,179,0,0.1661448424580788,2,0,2,1
50,0,2,138,216,0,1,189,0,0.8741620753772381,2,1,3,1
63,1,3,120,183,0,1,136,0,0.892707136743234,2,0,2,1
37,0,2,113,206,0,1,181,1,1.5532427138530678,1,0,2,1
67,1,0,124,253,0,0,124,1,0.18826336356993045,0,1,2,0
43,0,1,127,218,0,1,198,0,0.0,2,0,2,1
42,1,3,148,244,0,0,178,0,0.8,2,2,2,1
65,1,0,151,261,0,0,120,0,0.8613741737838007,1,1,3,0
44,1,1,136,213,0,1,199,0,0.7269636658579004,2,0,2,1
69,1,0,144,362,0,0,129,1,1.20781453534243,2,0,2,0
59,1,2,109,207,0,1,111,1,1.1733858252194915,1,0,2,1
59,0,0,125,297,0,1,119,1,1.5058013607798573,1,2,1,0
50,1,2,142,294,0,0,127,0,1.2103020153307669,1,1,3,0
56,1,1,130,221,0,0,163,0,0.0,2,0,3,1
54,0,0,124,287,0,1,159,0,0.6519990929777194,2,1,1,1
54,1,3,153,263,0,1,164,0,0.8938924483672261,2,0,2,1
55,1,0,103,176,0,2,109,0,3.029490580458579,1,0,3,0
63,1,0,127,212,1,0,132,0,0.7902676123260786,2,2,1,0
40,1,0,103,163,1,0,178,0,0.7158198045658062,1,0,3,1
60,1,2,142,201,0,1,142,1,0.768497526149619,0,0,2,1
60,1,0,145,282,0,0,142,1,2.8,1,2,3,0
65,0,2,153,374,0,1,140,0,0.8766964109527582,2,2,2,1
40,1,1,141,170,1,1,180,1,0.7393207344664673,2,0,2,1
48,0,2,126,224,1,1,162,0,0.0,1,2,2,0
60,0,3,150,255,0,1,164,0,1.2716138394596674,2,0,2,1
44,1,0,100,285,0,1,150,0,0.0,1,2,3,0
48,1,1,130,245,0,0,180,0,0.2,1,0,2,1
41,1,2,112,250,0,1,179,0,0.0,2,0,2,1
56,1,2,120,276,1,1,126,1,0.5592665636033121,1,1,2,0
44,0,0,122,153,0,1,159,0,0.0,2,1,1,1
51,1,2,94,227,0,1,154,1,0.0,2,1,3,1
38,0,0,114,275,1,1,178,0,0.2709858381898111,1,2,3,1
69,1,2,163,324,0,1,124,1,1.9809230701148013,2,1,3,0
56,1,1,138,168,0,0,172,1,0.9307604795451183,2,0,3,1
46,1,0,120,249,0,0,144,0,0.8,2,0,3,0
62,1,0,100,242,0,0,121,1,2.696310477666983,1,0,3,0
51,0,1,121,203,0,0,157,0,1.0326567779909854,2,0,2,1
55,1,0,138,222,0,0,129,1,1.7497260076517875,0,2,3,0
65,1,0,119,298,0,0,110,0,0.6502864951980201,1,0,3,0
57,1,2,150,168,0,1,174,0,1.6,2,0,2,1
44,0,1,103,252,1,1,202,0,0.5289140644490066,2,0,2,1
71,0,1,113,347,1,0,140,1,2.5966837552537614,1,2,3,0
35,1,2,110,126,0,1,184,0,0.6995878762128565,2,0,2,1
62,1,0,149,244,0,0,91,1,2.9668975910310165,1,2,3,0
67,0,1,172,293,0,0,159,0,0.0,1,0,2,1
49,1,2,127,253,0,0,154,0,0.7620376598498626,1,0,2,1
63,0,1,167,296,1,0,144,1,1.5126594423225388,1,2,3,0
53,1,2,128,214,0,1,120,1,1.851013485705709,1,0,3,0
45,0,0,134,230,0,1,170,0,0.050374284315737206,1,0,3,1
69,1,2,140,254,0,0,146,0,2.0,1,3,3,0
40,1,2,103,206,0,1,157,1,0.21476598118678641,1,0,2,1
64,0,0,108,199,0,1,128,0,0.0,0,1,2,1
46,1,2,133,184,0,0,177,0,0.9434434723628833,2,0,0,1
64,1,2,125,309,0,1,131,1,1.8,1,0,3,0
65,1,0,124,283,0,1,128,1,3.4722530244703282,1,0,2,0
48,1,1,150,221,0,1,127,1,1.9652983989213397,2,2,3,0
55,0,0,153,250,0,0,170,0,0.8306625953514359,2,0,2,1
47,1,0,99,286,0,1,145,0,0.008446245387309537,2,0,2,1
48,1,0,126,271,0,0,134,0,0.6743759815267302,2,1,3,0
57,1,0,136,208,0,0,149,1,0.0,2,0,2,1
64,1,0,101,257,0,0,138,1,1.4290874247131469,1,1,3,0
35,1,2,111,279,0,1,181,0,1.2496695896820142,1,3,1,0
35,1,0,98,202,1,0,169,1,0.0,2,0,2,1
63,1,1,133,225,1,1,129,0,2.0941358894178403,2,0,2,1
60,1,0,140,293,0,0,170,0,1.2,1,2,3,0
61,1,2,124,225,0,1,159,0,0.9552557139589067,2,0,2,1
59,0,1,128,275,0,1,116,0,0.9644931813519324,2,1,2,1
55,0,1,105,206,1,0,181,1,0.03158892383045275,1,2,3,0
64,1,2,117,264,0,0,141,1,2.311839375959001,1,1,3,0
67,1,0,132,301,0,1,177,0,0.8379839718887696,1,0,2,1
59,1,0,125,324,0,0,134,1,3.2306186670151193,1,1,3,0
56,0,2,129,336,0,1,149,0,0.7445074674064185,2,0,2,1
65,0,0,125,267,1,1,145,1,0.3759733609801874,1,1,3,0
69,1,0,122,292,0,0,132,0,0.8972298841764543,2,0,1,1
44,1,2,120,226,0,1,169,0,0.0,2,0,2,1
57,1,1,140,224,0,0,181,0,1.159459137627088,1,1,2,0
48,1,1,99,219,0,0,165,0,0.0,1,1,1,1
58,1,0,141,245,1,0,99,0,1.5470161400274156,1,0,0,0
64,1,0,120,246,0,0,96,1,2.2,0,1,2,0
53,1,0,110,248,0,0,118,0,2.7653448571931074,1,1,3,0
53,1,0,100,275,0,0,155,0,0.0,2,0,2,1
77,0,0,164,317,0,0,154,1,1.2819190113224055,2,2,3,0
35,1,1,122,192,0,1,174,0,0.0,2,0,2,1
59,0,2,131,259,0,0,174,0,0.05575047274478839,1,0,2,1
51,1,2,112,216,0,0,128,1,3.079150557635255,1,2,2,0
54,0,2,135,304,1,1,170,0,0.0,2,0,2,1
39,1,0,118,219,0,1,140,0,1.2,1,0,3,0
75,0,1,155,293,0,1,138,0,1.3415291461173524,2,0,2,1
48,1,0,136,251,0,0,172,1,3.053537069249084,1,1,3,0
52,1,3,152,298,1,1,178,0,1.2,1,0,3,1
42,1,2,137,255,0,1,188,0,0.42416455099939643,2,1,1,1
58,1,0,128,259,0,0,130,1,3.0,1,2,3,0
58,0,1,124,234,1,1,163,0,0.24676583979390398,1,0,2,1
58,1,0,115,320,1,0,160,1,1.937168951096038,1,0,3,0
63,1,3,145,233,1,0,150,0,2.3,0,0,1,1
41,1,2,144,226,0,1,178,0,0.0,1,0,2,1
69,1,0,146,240,0,1,150,1,0.7132607535848419,2,0,2,1
44,0,3,152,221,0,0,130,0,1.5890568204980537,2,0,2,1
49,1,2,125,252,0,1,162,0,0.8387465772265127,2,0,2,1
43,0,2,117,241,0,1,164,0,0.7885565844794019,1,0,2,1
59,0,2,158,199,1,1,119,0,0.952216031459068,1,1,3,0
67,1,1,118,246,0,1,159,0,0.0,2,0,2,1
42,1,1,112,274,0,0,171,0,0.0,1,0,3,1
64,1,0,103,218,0,1,113,1,2.1328918650623923,1,0,3,0
48,1,2,105,140,0,1,137,1,0.0,1,0,2,1
54,1,2,150,219,0,1,120,0,2.2573330168549344,1,0,3,0
51,0,1,107,290,0,1,149,1,0.24647010264181318,2,0,2,1
63,0,0,108,269,0,1,169,1,1.8,1,2,2,0
58,1,2,116,156,0,0,114,0,2.026171413578001,1,1,2,0
53,1,0,140,203,1,0,155,1,3.1,0,0,3,0
64,0,0,180,325,0,1,154,1,0.0,2,0,2,1
64,1,2,125,300,0,0,109,1,3.0988558044576084,1,1,3,0
56,1,3,148,213,0,1,176,1,0.5008229557731714,2,1,2,1
55,1,0,118,214,0,1,148,1,0.0,1,0,3,0
62,0,1,169,245,0,0,164,0,0.0,2,0,2,1
61,1,1,136,236,0,1,154,0,0.34078742404625545,1,0,2,1
42,1,2,126,193,0,1,171,1,0.0,1,0,2,1
43,1,2,94,186,1,1,163,0,0.0,2,0,2,1
63,0,2,132,216,0,1,142,1,0.2891071588644265,2,0,2,1
41,1,3,143,173,0,0,156,0,2.573337737797402,2,0,1,1
46,0,2,129,238,0,0,149,0,0.3234272273435935,2,0,3,1
55,0,2,125,228,0,1,164,0,0.32867033141908747,2,0,2,1
61,1,0,111,268,0,0,147,1,1.0923950809898866,1,0,3,0
56,1,0,109,211,0,1,139,0,0.059967879550644976,2,0,2,1
50,1,0,131,328,0,1,137,0,1.2638585639150126,2,0,2,0
59,0,3,150,294,0,1,158,0,0.4716438136632585,2,0,1,1
58,1,2,124,242,0,1,146,0,1.1468292899381818,2,0,2,1
72,0,0,117,350,0,2,163,0,0.3985084447352656,1,0,2,1
67,1,1,154,244,0,1,147,0,1.298421691393707,2,0,2,1
70,0,2,130,205,1,1,117,0,0.2719266099441157,2,0,2,1
56,1,2,129,213,0,0,143,0,0.2842230480507141,2,0,2,1
47,1,0,150,329,0,2,147,1,2.6254635779096738,1,2,2,0
36,0,1,100,321,0,0,159,0,0.956021106736082,1,0,2,1
67,0,0,114,249,0,0,122,0,0.0,1,0,1,1
32,0,0,130,262,0,0,202,0,0.0,2,0,3,1
68,1,2,150,254,0,1,158,0,0.0,1,0,2,1
56,1,0,126,211,0,0,140,1,0.0,1,2,3,0
55,1,0,135,262,0,1,131,0,2.668969569429604,1,3,1,0
47,1,1,136,213,0,0,153,0,0.0,2,0,2,1
49,1,3,141,156,0,1,168,0,1.0778283562780586,2,0,2,1
52,1,0,117,131,1,0,144,0,0.0,1,2,2,0
47,1,1,112,273,0,1,143,0,0.0,1,0,2,1
46,1,2,126,271,0,1,133,0,0.25925017789754734,1,0,3,1
59,1,0,144,276,0,0,132,1,1.0052621647610782,1,3,3,0
59,1,2,155,196,0,0,128,1,3.014987717564125,1,1,2,0
53,1,0,136,222,0,0,146,0,1.9409965684159662,2,0,3,0
34,1,0,110,267,0,0,187,0,0.0,1,1,2,1
67,0,3,122,298,1,1,158,0,0.0,2,0,2,1
48,1,1,134,210,1,0,167,0,1.9226146671389666,2,0,2,1
69,0,2,159,296,0,1,153,0,1.4128037002655431,2,0,1,1
50,1,2,162,277,0,0,175,0,2.1249978989749114,2,4,2,1
50,1,2,131,173,0,1,165,0,0.8892742786532564,2,0,2,1
29,1,2,121,261,0,0,183,1,0.6190299155389032,1,0,2,1
51,1,0,140,199,0,1,192,0,0.3586546374597218,1,0,2,1
53,1,2,136,241,0,1,147,0,1.0803263219027501,2,0,0,1
51,0,2,173,192,0,1,192,0,0.20103548950039007,2,0,2,1
66,1,2,120,215,0,0,119,1,0.4761507001383373,2,0,3,1
47,1,1,124,202,0,0,125,0,0.22222047058953726,1,1,2,1
59,0,1,118,265,0,1,159,0,0.7660155300665579,1,0,2,1
60,1,2,136,156,0,0,154,0,1.2618633309897282,2,0,2,1
41,1,2,111,275,0,0,202,0,0.0,2,0,2,1
62,1,0,132,208,0,1,121,1,1.5875896639685805,1,2,3,0
62,0,0,137,255,0,1,147,1,1.0104676235146357,1,1,3,0
77,1,0,141,278,0,0,106,1,0.0,1,3,3,0
51,0,0,94,245,0,1,164,0,0.0,2,0,2,1
50,1,2,111,198,0,0,151,0,2.7514055719639745,1,2,2,0
65,1,2,165,268,0,0,135,1,1.5798668210123645,1,3,3,0
55,1,0,155,261,0,1,124,1,4.212820659229571,0,2,3,0
54,0,0,127,204,0,0,149,0,0.5459532170813459,0,1,3,0
60,1,2,130,266,0,1,160,0,1.0472759645835494,1,3,2,1
53,0,3,119,303,0,1,142,0,0.39779044168592476,1,0,2,1
59,0,2,128,310,0,0,151,0,0.8584150952258125,0,0,2,1
62,1,0,151,259,0,0,145,0,1.8821979950637215,2,2,3,0
56,1,0,119,279,0,1,147,0,2.9883959948963073,2,1,3,0
59,1,0,123,247,0,0,109,1,0.0,0,3,3,0
48,1,0,140,156,0,1,178,0,0.0,2,1,2,1
58,0,0,136,179,1,1,156,0,0.0,1,0,2,1
59,1,0,100,287,0,2,157,0,0.0,2,1,1,0
56,1,2,169,233,1,1,152,0,1.873199289511549,1,0,3,1
60,0,3,142,305,0,1,193,1,0.9004559516318789,2,0,2,1
69,1,2,138,266,0,1,145,1,1.520255033004579,2,0,3,0
49,1,2,129,196,0,1,161,0,0.0,2,1,2,1
54,1,0,110,206,0,0,108,1,0.0,1,1,2,0
49,1,1,175,195,0,0,152,1,3.325378229403746,1,2,3,0
66,1,0,136,295,0,0,141,1,2.216304512860534,1,0,3,0
56,0,2,118,200,0,0,159,1,0.8593339753000175,1,1,3,1
47,1,3,144,161,1,1,132,0,0.5145885836204085,2,1,3,0
64,1,0,124,340,0,1,140,1,0.8022779749287788,2,1,3,0
58,0,0,140,211,0,1,150,0,0.8283736898325392,1,0,2,1
55,1,1,140,252,1,0,135,0,0.28118383031527505,2,2,2,1
48,1,0,104,169,0,0,162,0,1.4735912192288843,2,0,2,1
50,1,0,100,311,0,1,141,0,0.0,2,1,3,0
53,0,0,136,158,0,0,173,0,0.8192655852417353,2,0,3,1
68,1,0,140,306,1,0,132,0,2.5328742362717973,1,2,3,0
46,0,1,105,204,0,1,172,0,0.0,2,0,2,1
57,0,0,116,255,0,0,161,0,0.507616866351986,2,1,2,0
47,1,2,144,247,1,1,155,1,2.4898620839054297,1,1,3,0
53,1,0,162,236,0,0,105,1,2.480260969161053,1,3,3,0
77,1,0,138,262,0,0,154,0,3.0319029173570433,1,2,3,0
69,1,2,140,228,0,0,157,0,1.523424688727006,2,0,3,0
52,1,3,138,242,1,1,155,0,0.037728774994367886,1,0,2,1
50,1,2,124,258,1,0,135,0,0.0,1,0,2,1
62,1,1,128,222,0,1,124,1,2.2979269257458625,1,2,2,0
56,1,3,146,236,0,0,147,0,0.0,1,0,2,1
65,1,0,144,233,0,1,150,1,2.1283567675363217,1,3,3,0
59,1,2,132,193,0,1,128,0,2.0797881259238333,1,0,2,1
49,1,1,119,257,0,1,134,1,1.1684012426103105,1,0,3,0
47,1,2,98,126,0,0,176,0,1.0164917372989941,0,4,2,1
64,1,2,154,181,0,0,82,1,1.01722378262657,1,0,3,0
54,1,2,130,261,0,1,141,0,0.0,2,0,2,1
36,0,0,120,278,0,0,133,1,1.110213750838418,2,2,3,0
47,1,0,114,231,0,1,102,0,1.9644688474162895,1,3,2,0
57,1,0,110,335,0,1,143,1,3.0,1,1,3,0
55,0,0,143,226,0,1,151,1,1.35876392275128,1,2,2,0
50,0,3,161,326,0,1,139,0,0.9338333721749972,2,1,2,1
67,0,1,134,280,0,0,140,0,1.4403525721853785,2,0,2,1
60,0,0,126,334,0,1,153,1,0.3705595020553307,2,0,1,0
49,1,0,132,181,0,1,158,1,2.196375446792363,1,1,2,0
52,1,0,123,210,0,0,162,1,0.0,2,1,3,0
49,1,0,118,203,1,1,126,1,0.0,2,0,2,0
56,1,0,113,230,0,1,160,0,0.8369642017687017,1,1,1,0
62,1,0,119,290,0,1,135,1,2.831675890939138,1,1,2,0
71,0,1,160,302,0,1,162,0,0.4,2,2,2,1
57,0,0,120,354,0,1,163,1,0.6,2,0,2,1
71,1,0,138,261,0,0,91,1,0.44461193288775824,1,1,3,0
61,0,0,130,330,0,0,169,0,0.0,2,0,2,0
50,1,0,123,238,0,1,119,0,0.33510792219931984,1,0,1,0
46,0,0,138,243,0,0,152,1,0.0,1,0,2,1
39,1,2,126,174,1,0,181,1,0.0,1,0,2,1
47,1,1,132,208,0,1,158,0,1.8986522965830441,0,1,2,1
50,1,0,100,295,0,0,126,0,0.4070035012453803,1,3,2,0
65,1,3,138,282,1,0,174,0,1.4,1,1,2,0
75,1,0,143,234,0,0,130,0,2.153596082863368,2,1,3,0
38,0,0,114,175,0,1,150,0,0.0,2,1,3,1
50,1,0,115,219,0,0,146,1,0.0,2,1,3,0
74,0,0,135,234,1,1,178,0,1.988758124174467,1,2,3,0
48,0,0,115,210,0,1,186,0,0.45790389154223665,1,3,2,1
62,1,0,118,274,1,1,109,1,0.19279124225754507,1,0,3,0
42,1,0,124,160,0,1,141,1,1.0749863853868424,1,2,3,0
50,1,1,141,300,0,0,165,1,1.8107697928081454,2,0,3,1
61,1,2,146,197,0,1,126,1,4.2139761566047955,2,1,2,0
48,1,3,136,198,0,0,142,0,1.8135988943522219,0,1,3,0
29,0,1,144,158,0,1,183,0,1.6460219262549525,2,0,2,1
59,0,0,148,254,0,1,139,1,2.641424351284192,1,0,3,0
40,1,0,101,206,1,1,159,0,0.0,2,0,2,1
59,1,0,170,326,0,0,140,1,3.4,0,0,3,0
65,1,2,151,271,1,1,142,0,1.5810155149879748,1,0,0,1
52,1,0,128,204,1,1,156,1,1.0,1,0,0,0
47,0,0,113,216,0,0,143,0,0.19594225054820158,2,0,2,1
56,1,0,121,301,1,1,150,1,0.0,1,0,1,0
65,1,2,111,264,0,1,147,1,1.2405793277343524,1,0,3,0
67,1,2,168,241,0,1,148,0,1.1284998622740021,0,2,3,0
48,1,0,122,222,0,0,186,0,0.0,2,0,2,1
56,1,2,121,131,0,1,149,0,2.56062953096274,1,2,1,0
66,1,1,160,246,0,1,120,1,0.0,1,3,1,0
50,1,0,130,238,1,1,145,1,0.5592109531041198,0,2,3,0
44,0,0,119,321,0,1,143,1,0.3382482012455863,1,0,1,0
64,1,0,130,364,0,0,94,1,0.0,1,2,3,0
57,1,0,159,209,0,1,139,0,5.242705897233162,1,0,3,0
62,1,1,135,294,0,1,181,0,1.7828785505062883,2,4,2,1
55,1,2,136,312,0,0,129,0,3.493930929962068,1,2,1,0
62,1,0,127,216,0,0,127,0,0.5579366579949292,2,0,2,1
52,1,0,108,233,1,1,147,0,0.1,2,3,3,1
50,0,2,104,211,0,0,148,0,0.4204666699785132,2,0,2,1
57,1,2,141,265,0,0,169,0,0.0,1,1,1,0
50,1,0,110,295,0,0,161,0,0.7129633246747276,1,1,2,1
51,0,2,135,187,0,0,163,0,1.091514113022436,2,0,2,1
49,0,3,149,169,0,1,174,0,1.0798245387535808,2,0,2,1
56,1,0,170,284,0,0,140,1,4.133542849027134,0,1,3,0
53,1,0,114,279,0,1,185,0,1.5038378620902606,1,0,2,1
66,1,3,147,271,0,1,118,0,1.7188078400510094,1,2,3,0
42,1,0,130,324,0,0,175,1,0.0,1,0,2,1
58,1,1,125,220,0,1,144,0,0.4,1,4,3,1
55,1,0,141,317,0,0,131,0,1.4116175664656603,1,0,3,0
58,0,2,120,340,0,1,172,0,0.0,2,0,2,1
42,1,2,120,240,1,1,194,0,0.8,0,0,3,1
69,0,0,139,175,0,1,141,0,0.7834606823491432,2,0,2,1
51,1,0,166,278,0,1,142,1,0.0,1,2,2,0
50,1,0,130,225,0,0,115,1,0.07032941578503249,1,0,3,0
53,1,0,122,285,0,1,136,0,0.0,1,1,2,0
51,1,2,124,247,0,0,169,0,0.0,0,0,2,1
53,0,2,142,172,1,1,124,0,2.332892045960027,0,0,2,1
56,1,2,101,216,0,0,125,1,0.0,1,0,2,1
64,1,1,141,270,0,0,139,0,1.7031360850838184,1,1,2,0
54,1,2,134,317,0,1,116,1,1.5546473951809834,1,0,3,0
64,1,0,134,265,0,0,135,0,1.7187814450373353,2,0,3,1
61,0,0,150,194,0,0,116,0,1.773068502586578,1,0,2,0
66,1,0,126,216,0,0,116,1,3.007466919261444,1,1,3,0
57,0,3,129,214,0,1,180,0,0.2863944628523503,1,0,3,1
50,1,2,135,284,0,1,139,0,0.030702501379501368,2,1,3,1
47,1,1,94,221,0,1,144,0,1.1210928392892021,1,0,2,1
58,0,0,116,252,0,0,107,1,1.726537713477278,0,3,1,0
52,1,1,120,325,0,1,172,0,0.2,2,0,2,1
51,1,3,125,213,0,0,125,1,1.4,2,1,2,1
44,1,0,100,178,0,0,124,0,2.964683410191027,2,2,3,0
65,0,1,143,264,0,0,102,0,1.544845676579539,1,2,3,0
60,0,1,112,264,0,1,150,0,0.9323127590040168,1,0,2,1
63,0,2,135,246,0,1,145,0,0.857248378415564,1,1,2,1
55,0,2,168,275,0,0,164,0,0.6676932790900333,2,0,2,1
54,1,2,120,315,0,1,139,0,0.31212751694366503,1,0,2,1
47,1,0,110,275,0,0,118,1,1.0,1,1,2,0
42,1,3,128,264,1,1,190,0,0.0,2,0,2,1
57,0,0,117,246,0,0,167,0,1.3657588158288756,1,1,2,0
63,1,0,159,250,0,0,158,1,1.629375754054263,2,0,2,0
29,1,3,131,171,0,1,193,0,0.05007736929244233,2,0,1,1
62,1,0,138,259,0,0,127,0,3.194852676409927,0,1,3,0
59,1,1,140,221,0,1,164,1,0.0,2,0,2,1
51,1,0,140,298,0,1,122,1,4.2,1,3,3,0
60,1,0,149,183,0,0,136,0,0.996840166233884,1,2,3,0
54,0,2,124,278,0,0,195,0,2.7107440949462105,1,1,3,0
66,1,0,142,183,0,0,116,0,0.0,1,0,2,0
62,0,1,125,271,0,1,161,0,0.7266441494046476,1,0,2,1
57,0,1,130,236,0,0,174,0,0.0,1,1,2,0
57,0,0,137,302,0,0,135,1,2.04943972639868,0,3,3,0
67,0,0,106,223,0,1,142,0,0.3,2,2,2,1
63,1,0,146,225,0,1,133,1,0.6432185647000692,1,2,2,0
59,0,1,127,210,0,0,158,1,0.4836239303734907,2,0,3,1
55,1,2,150,255,0,0,162,0,0.0,2,1,2,1
55,1,0,146,201,1,1,132,0,1.715895576261053,2,2,2,0
56,0,2,145,211,0,1,146,0,0.4840164521771323,1,0,2,1
55,1,0,111,292,1,0,131,1,2.5795034866771083,0,1,3,0
47,1,0,136,251,0,1,173,1,0.4444506367266676,2,0,2,1
54,0,2,131,227,0,0,146,0,0.43406535342921115,1,0,2,1
43,0,3,145,257,0,1,177,0,0.0,2,3,3,1
50,1,0,133,284,0,0,162,1,1.9060631711807385,1,0,1,0
56,0,2,150,195,0,0,175,0,1.4488429856227416,1,0,2,1
57,1,0,120,350,0,1,158,0,3.791064831616353,2,2,3,0
55,1,0,132,183,0,0,164,0,1.9937966912009766,2,0,2,0
58,1,2,132,224,0,0,173,0,3.2,2,2,3,0
67,1,2,144,186,0,1,137,0,0.15582961066609097,1,1,2,1
59,0,0,132,155,0,0,125,0,1.9700946436765885,2,0,2,0
51,1,0,143,225,0,1,155,1,1.9851309757281108,1,2,3,0
38,0,2,129,262,0,1,129,0,0.3327943942842023,1,0,2,1
61,1,2,121,271,0,1,151,1,0.36006604729311453,2,0,1,1
58,1,0,150,167,0,1,127,0,1.6965395849427711,1,0,1,0
54,1,0,168,277,0,0,137,1,3.880787012326263,2,3,2,0
75,1,0,161,240,0,0,106,1,1.5940553873647476,1,2,3,0
62,0,1,141,364,0,0,156,0,1.706141224756335,1,0,2,1
46,1,2,133,262,0,0,122,0,1.0701166140643608,1,1,2,0
38,1,2,120,186,1,1,168,1,2.273433924224748,1,1,2,0
54,0,2,160,201,0,1,163,0,0.0,2,1,2,1
45,1,0,104,208,0,0,148,1,3.0,1,0,2,1
56,1,1,135,279,0,0,163,0,0.4238642279969892,1,2,2,1
55,0,0,139,197,0,0,157,1,0.0,1,0,3,0
48,1,1,120,287,0,1,171,0,0.9538623890915906,1,0,2,1
68,1,2,118,277,0,1,151,0,1.0,2,1,3,1
57,0,0,122,156,0,0,117,1,2.6153597888128877,2,2,3,0
50,0,3,115,237,0,0,182,0,0.0,2,3,2,1
64,1,1,137,287,1,0,176,1,1.3022645624570388,1,0,3,0
50,1,0,100,237,1,0,140,1,0.10933200422465439,2,3,3,0
58,1,0,137,263,0,0,158,0,0.622395689085939,2,0,2,1
46,0,0,126,175,0,0,196,0,0.0,2,0,2,1
62,1,0,146,297,0,0,152,0,6.2,2,1,2,0
56,1,0,133,222,0,1,150,1,0.6293447236634817,1,1,3,0
51,0,0,125,222,0,1,150,1,0.532501064742205,2,0,2,1
46,1,1,139,253,0,0,176,0,0.5747665245182202,2,0,2,1
77,1,0,125,304,0,0,162,1,0.0,2,3,2,0
43,0,2,103,270,0,1,170,0,0.7136793590905068,1,0,3,1
52,1,1,123,307,1,0,127,1,0.8904752795673831,2,3,1,0
58,1,0,159,238,0,0,133,0,2.1813455014723253,2,0,1,0
60,1,2,129,272,1,0,146,0,0.0,1,3,2,1
43,0,2,122,213,0,1,165,0,0.2,1,0,2,1
38,0,1,122,126,0,1,166,0,0.0,2,0,2,1
53,1,1,103,241,0,0,168,1,1.2844595962634624,1,1,3,0
65,1,1,172,281,1,0,140,0,1.6571738265599372,0,0,2,1
57,1,0,178,273,0,0,172,0,0.9916700011413722,2,1,3,0
41,1,0,110,172,0,0,158,0,0.0,2,0,3,0
61,1,2,146,282,0,1,144,0,1.08533699981616,2,0,2,1
44,1,0,146,323,0,0,110,1,3.1557683699158336,1,0,3,0
38,0,3,139,260,0,0,178,0,0.9134319748500491,2,0,2,1
67,1,0,100,235,0,1,146,1,2.905415175142025,1,1,3,0
57,0,0,139,219,0,0,176,1,0.0,2,2,2,0
64,1,2,130,257,0,0,123,1,1.776308504819477,1,0,2,1
49,0,1,126,223,0,1,125,1,1.5945440175312073,1,0,2,0
62,1,2,94,333,0,1,177,0,1.2486712737449177,1,0,2,1
61,0,2,154,280,0,1,137,0,2.1758467378155553,1,0,3,0
